-- MySQL dump generated by Sequelize Backup Service
-- Date: 2025-12-08T11:51:24.228Z
-- Database: sample

SET SQL_MODE = "NO_AUTO_VALUE_ON_ZERO";
SET time_zone = "+00:00";

/*!40101 SET @OLD_CHARACTER_SET_CLIENT=@@CHARACTER_SET_CLIENT */;
/*!40101 SET @OLD_CHARACTER_SET_RESULTS=@@CHARACTER_SET_RESULTS */;
/*!40101 SET @OLD_COLLATION_CONNECTION=@@COLLATION_CONNECTION */;
/*!40101 SET NAMES utf8mb4 */;


-- --------------------------------------------------------
-- Table structure for table `Transactions`
-- --------------------------------------------------------

DROP TABLE IF EXISTS `Transactions`;
CREATE TABLE "Transactions" (
  "id" int NOT NULL AUTO_INCREMENT,
  "amount" int DEFAULT NULL,
  "status" varchar(255) DEFAULT NULL,
  "reference" varchar(255) DEFAULT NULL,
  "paymentMethod" enum('paystack','flutterwave','monify','wallet','stripe','offline') DEFAULT NULL,
  "alertType" enum('credit','debit','reverse','overdraft') DEFAULT NULL,
  "currency" varchar(255) DEFAULT NULL,
  "createdAt" datetime NOT NULL,
  "updatedAt" datetime NOT NULL,
  "userId" int DEFAULT NULL,
  "orderId" int DEFAULT NULL,
  PRIMARY KEY ("id"),
  KEY "userId" ("userId"),
  KEY "orderId" ("orderId"),
  CONSTRAINT "Transactions_ibfk_23" FOREIGN KEY ("userId") REFERENCES "users" ("id") ON DELETE SET NULL ON UPDATE CASCADE,
  CONSTRAINT "Transactions_ibfk_24" FOREIGN KEY ("orderId") REFERENCES "orders" ("id") ON DELETE SET NULL ON UPDATE CASCADE
);

-- --------------------------------------------------------
-- Dumping data for table `Transactions`
-- --------------------------------------------------------

LOCK TABLES `Transactions` WRITE;
/*!40000 ALTER TABLE `Transactions` DISABLE KEYS */;

INSERT INTO `Transactions` (`id`, `amount`, `status`, `reference`, `paymentMethod`, `alertType`, `currency`, `createdAt`, `updatedAt`, `userId`, `orderId`) VALUES
  (1, 50, 'pending', 'pi_3SD16oCX6P50X2aZ0nkqrP6v', 'stripe', NULL, NULL, 'Tue Sep 30 2025 11:48:38 GMT+0100 (West Africa Standard Time)', 'Tue Sep 30 2025 11:48:38 GMT+0100 (West Africa Standard Time)', NULL, 1),
  (2, 102, 'pending', 'codb3qzgdf', 'paystack', NULL, NULL, 'Tue Sep 30 2025 17:01:21 GMT+0100 (West Africa Standard Time)', 'Tue Sep 30 2025 17:01:21 GMT+0100 (West Africa Standard Time)', NULL, NULL),
  (3, 60, 'offline-payment', NULL, 'offline', NULL, NULL, 'Mon Oct 06 2025 17:21:51 GMT+0100 (West Africa Standard Time)', 'Mon Oct 06 2025 17:21:51 GMT+0100 (West Africa Standard Time)', NULL, 3),
  (4, 53, 'offline-payment', NULL, 'offline', NULL, NULL, 'Mon Oct 06 2025 17:24:18 GMT+0100 (West Africa Standard Time)', 'Mon Oct 06 2025 17:24:18 GMT+0100 (West Africa Standard Time)', NULL, 4),
  (5, 53, 'offline-payment', NULL, 'offline', NULL, NULL, 'Mon Oct 06 2025 17:28:04 GMT+0100 (West Africa Standard Time)', 'Mon Oct 06 2025 17:28:04 GMT+0100 (West Africa Standard Time)', NULL, 5),
  (6, 53, 'offline-payment', NULL, 'offline', NULL, NULL, 'Tue Oct 07 2025 06:09:20 GMT+0100 (West Africa Standard Time)', 'Tue Oct 07 2025 06:09:20 GMT+0100 (West Africa Standard Time)', NULL, 6),
  (7, 53, 'offline-payment', NULL, 'offline', NULL, NULL, 'Tue Oct 07 2025 06:10:32 GMT+0100 (West Africa Standard Time)', 'Tue Oct 07 2025 06:10:32 GMT+0100 (West Africa Standard Time)', NULL, 7),
  (8, 78, 'offline-payment', NULL, 'offline', NULL, NULL, 'Tue Oct 07 2025 07:00:29 GMT+0100 (West Africa Standard Time)', 'Tue Oct 07 2025 07:00:29 GMT+0100 (West Africa Standard Time)', NULL, 8),
  (9, 78, 'offline-payment', NULL, 'offline', NULL, NULL, 'Tue Oct 07 2025 07:08:43 GMT+0100 (West Africa Standard Time)', 'Tue Oct 07 2025 07:08:43 GMT+0100 (West Africa Standard Time)', NULL, 9),
  (10, 78, 'offline-payment', NULL, 'offline', NULL, NULL, 'Tue Oct 07 2025 07:17:29 GMT+0100 (West Africa Standard Time)', 'Tue Oct 07 2025 07:17:29 GMT+0100 (West Africa Standard Time)', NULL, 10),
  (11, 78, 'offline-payment', NULL, 'offline', NULL, NULL, 'Tue Oct 07 2025 13:57:44 GMT+0100 (West Africa Standard Time)', 'Tue Oct 07 2025 13:57:44 GMT+0100 (West Africa Standard Time)', NULL, 11),
  (12, 78, 'offline-payment', NULL, 'offline', NULL, NULL, 'Tue Oct 07 2025 13:58:31 GMT+0100 (West Africa Standard Time)', 'Tue Oct 07 2025 13:58:31 GMT+0100 (West Africa Standard Time)', NULL, 12),
  (13, 78, 'offline-payment', NULL, 'offline', NULL, NULL, 'Tue Oct 07 2025 19:19:08 GMT+0100 (West Africa Standard Time)', 'Tue Oct 07 2025 19:19:08 GMT+0100 (West Africa Standard Time)', NULL, 13),
  (14, 8, 'offline-payment', NULL, 'offline', NULL, NULL, 'Wed Oct 08 2025 17:44:29 GMT+0100 (West Africa Standard Time)', 'Wed Oct 08 2025 17:44:29 GMT+0100 (West Africa Standard Time)', NULL, 14),
  (15, 156, 'pending', 'hkjipvowab', 'paystack', NULL, NULL, 'Mon Oct 13 2025 13:02:15 GMT+0100 (West Africa Standard Time)', 'Mon Oct 13 2025 13:02:15 GMT+0100 (West Africa Standard Time)', NULL, 15),
  (16, 156, 'offline-payment', NULL, 'offline', NULL, NULL, 'Mon Oct 13 2025 13:02:33 GMT+0100 (West Africa Standard Time)', 'Mon Oct 13 2025 13:02:33 GMT+0100 (West Africa Standard Time)', NULL, 16),
  (17, 9, 'offline-payment', NULL, 'offline', NULL, NULL, 'Mon Oct 13 2025 13:42:12 GMT+0100 (West Africa Standard Time)', 'Mon Oct 13 2025 13:42:12 GMT+0100 (West Africa Standard Time)', NULL, 17),
  (18, 9, 'offline-payment', NULL, 'offline', NULL, NULL, 'Mon Oct 13 2025 14:34:37 GMT+0100 (West Africa Standard Time)', 'Mon Oct 13 2025 14:34:37 GMT+0100 (West Africa Standard Time)', NULL, 18),
  (19, 100, 'offline-payment', NULL, 'offline', NULL, NULL, 'Sat Nov 01 2025 04:32:59 GMT+0100 (West Africa Standard Time)', 'Sat Nov 01 2025 04:32:59 GMT+0100 (West Africa Standard Time)', NULL, 19),
  (20, 63, 'offline-payment', NULL, 'offline', NULL, NULL, 'Mon Dec 08 2025 11:12:51 GMT+0100 (West Africa Standard Time)', 'Mon Dec 08 2025 11:12:51 GMT+0100 (West Africa Standard Time)', NULL, 20);

/*!40000 ALTER TABLE `Transactions` ENABLE KEYS */;
UNLOCK TABLES;


-- --------------------------------------------------------
-- Table structure for table `audit_trails`
-- --------------------------------------------------------

DROP TABLE IF EXISTS `audit_trails`;
CREATE TABLE "audit_trails" (
  "id" int NOT NULL AUTO_INCREMENT,
  "actor" varchar(255) NOT NULL DEFAULT 'anonymous user',
  "action" varchar(255) NOT NULL,
  "module" varchar(255) NOT NULL,
  "browser" varchar(255) NOT NULL,
  "route" varchar(255) NOT NULL,
  "ip" varchar(255) NOT NULL,
  "status" varchar(255) NOT NULL,
  "createdAt" datetime NOT NULL,
  "updatedAt" datetime NOT NULL,
  PRIMARY KEY ("id")
);


-- --------------------------------------------------------
-- Table structure for table `categories`
-- --------------------------------------------------------

DROP TABLE IF EXISTS `categories`;
CREATE TABLE "categories" (
  "id" int NOT NULL AUTO_INCREMENT,
  "name" varchar(255) NOT NULL,
  "description" varchar(255) DEFAULT NULL,
  "icon" varchar(255) DEFAULT NULL,
  "createdAt" datetime NOT NULL,
  "updatedAt" datetime NOT NULL,
  PRIMARY KEY ("id")
);


-- --------------------------------------------------------
-- Table structure for table `countries`
-- --------------------------------------------------------

DROP TABLE IF EXISTS `countries`;
CREATE TABLE "countries" (
  "id" int NOT NULL AUTO_INCREMENT,
  "name" varchar(255) NOT NULL,
  "code" varchar(255) DEFAULT NULL,
  "createdAt" datetime NOT NULL,
  "updatedAt" datetime NOT NULL,
  PRIMARY KEY ("id")
);

-- --------------------------------------------------------
-- Dumping data for table `countries`
-- --------------------------------------------------------

LOCK TABLES `countries` WRITE;
/*!40000 ALTER TABLE `countries` DISABLE KEYS */;

INSERT INTO `countries` (`id`, `name`, `code`, `createdAt`, `updatedAt`) VALUES
  (1, 'Afghanistan', 'AF', 'Tue Sep 30 2025 07:50:04 GMT+0100 (West Africa Standard Time)', 'Tue Sep 30 2025 07:50:04 GMT+0100 (West Africa Standard Time)'),
  (2, 'Åland Islands', 'AX', 'Tue Sep 30 2025 07:50:04 GMT+0100 (West Africa Standard Time)', 'Tue Sep 30 2025 07:50:04 GMT+0100 (West Africa Standard Time)'),
  (3, 'Albania', 'AL', 'Tue Sep 30 2025 07:50:04 GMT+0100 (West Africa Standard Time)', 'Tue Sep 30 2025 07:50:04 GMT+0100 (West Africa Standard Time)'),
  (4, 'Algeria', 'DZ', 'Tue Sep 30 2025 07:50:04 GMT+0100 (West Africa Standard Time)', 'Tue Sep 30 2025 07:50:04 GMT+0100 (West Africa Standard Time)'),
  (5, 'American Samoa', 'AS', 'Tue Sep 30 2025 07:50:04 GMT+0100 (West Africa Standard Time)', 'Tue Sep 30 2025 07:50:04 GMT+0100 (West Africa Standard Time)'),
  (6, 'AndorrA', 'AD', 'Tue Sep 30 2025 07:50:04 GMT+0100 (West Africa Standard Time)', 'Tue Sep 30 2025 07:50:04 GMT+0100 (West Africa Standard Time)'),
  (7, 'Angola', 'AO', 'Tue Sep 30 2025 07:50:04 GMT+0100 (West Africa Standard Time)', 'Tue Sep 30 2025 07:50:04 GMT+0100 (West Africa Standard Time)'),
  (8, 'Anguilla', 'AI', 'Tue Sep 30 2025 07:50:04 GMT+0100 (West Africa Standard Time)', 'Tue Sep 30 2025 07:50:04 GMT+0100 (West Africa Standard Time)'),
  (9, 'Antarctica', 'AQ', 'Tue Sep 30 2025 07:50:04 GMT+0100 (West Africa Standard Time)', 'Tue Sep 30 2025 07:50:04 GMT+0100 (West Africa Standard Time)'),
  (10, 'Antigua and Barbuda', 'AG', 'Tue Sep 30 2025 07:50:04 GMT+0100 (West Africa Standard Time)', 'Tue Sep 30 2025 07:50:04 GMT+0100 (West Africa Standard Time)'),
  (11, 'Argentina', 'AR', 'Tue Sep 30 2025 07:50:04 GMT+0100 (West Africa Standard Time)', 'Tue Sep 30 2025 07:50:04 GMT+0100 (West Africa Standard Time)'),
  (12, 'Armenia', 'AM', 'Tue Sep 30 2025 07:50:04 GMT+0100 (West Africa Standard Time)', 'Tue Sep 30 2025 07:50:04 GMT+0100 (West Africa Standard Time)'),
  (13, 'Aruba', 'AW', 'Tue Sep 30 2025 07:50:04 GMT+0100 (West Africa Standard Time)', 'Tue Sep 30 2025 07:50:04 GMT+0100 (West Africa Standard Time)'),
  (14, 'Australia', 'AU', 'Tue Sep 30 2025 07:50:04 GMT+0100 (West Africa Standard Time)', 'Tue Sep 30 2025 07:50:04 GMT+0100 (West Africa Standard Time)'),
  (15, 'Austria', 'AT', 'Tue Sep 30 2025 07:50:04 GMT+0100 (West Africa Standard Time)', 'Tue Sep 30 2025 07:50:04 GMT+0100 (West Africa Standard Time)'),
  (16, 'Azerbaijan', 'AZ', 'Tue Sep 30 2025 07:50:04 GMT+0100 (West Africa Standard Time)', 'Tue Sep 30 2025 07:50:04 GMT+0100 (West Africa Standard Time)'),
  (17, 'Bahamas', 'BS', 'Tue Sep 30 2025 07:50:04 GMT+0100 (West Africa Standard Time)', 'Tue Sep 30 2025 07:50:04 GMT+0100 (West Africa Standard Time)'),
  (18, 'Bahrain', 'BH', 'Tue Sep 30 2025 07:50:04 GMT+0100 (West Africa Standard Time)', 'Tue Sep 30 2025 07:50:04 GMT+0100 (West Africa Standard Time)'),
  (19, 'Bangladesh', 'BD', 'Tue Sep 30 2025 07:50:04 GMT+0100 (West Africa Standard Time)', 'Tue Sep 30 2025 07:50:04 GMT+0100 (West Africa Standard Time)'),
  (20, 'Barbados', 'BB', 'Tue Sep 30 2025 07:50:04 GMT+0100 (West Africa Standard Time)', 'Tue Sep 30 2025 07:50:04 GMT+0100 (West Africa Standard Time)'),
  (21, 'Belarus', 'BY', 'Tue Sep 30 2025 07:50:04 GMT+0100 (West Africa Standard Time)', 'Tue Sep 30 2025 07:50:04 GMT+0100 (West Africa Standard Time)'),
  (22, 'Belgium', 'BE', 'Tue Sep 30 2025 07:50:04 GMT+0100 (West Africa Standard Time)', 'Tue Sep 30 2025 07:50:04 GMT+0100 (West Africa Standard Time)'),
  (23, 'Belize', 'BZ', 'Tue Sep 30 2025 07:50:04 GMT+0100 (West Africa Standard Time)', 'Tue Sep 30 2025 07:50:04 GMT+0100 (West Africa Standard Time)'),
  (24, 'Benin', 'BJ', 'Tue Sep 30 2025 07:50:04 GMT+0100 (West Africa Standard Time)', 'Tue Sep 30 2025 07:50:04 GMT+0100 (West Africa Standard Time)'),
  (25, 'Bermuda', 'BM', 'Tue Sep 30 2025 07:50:04 GMT+0100 (West Africa Standard Time)', 'Tue Sep 30 2025 07:50:04 GMT+0100 (West Africa Standard Time)'),
  (26, 'Bhutan', 'BT', 'Tue Sep 30 2025 07:50:04 GMT+0100 (West Africa Standard Time)', 'Tue Sep 30 2025 07:50:04 GMT+0100 (West Africa Standard Time)'),
  (27, 'Bolivia', 'BO', 'Tue Sep 30 2025 07:50:04 GMT+0100 (West Africa Standard Time)', 'Tue Sep 30 2025 07:50:04 GMT+0100 (West Africa Standard Time)'),
  (28, 'Bosnia and Herzegovina', 'BA', 'Tue Sep 30 2025 07:50:04 GMT+0100 (West Africa Standard Time)', 'Tue Sep 30 2025 07:50:04 GMT+0100 (West Africa Standard Time)'),
  (29, 'Botswana', 'BW', 'Tue Sep 30 2025 07:50:04 GMT+0100 (West Africa Standard Time)', 'Tue Sep 30 2025 07:50:04 GMT+0100 (West Africa Standard Time)'),
  (30, 'Bouvet Island', 'BV', 'Tue Sep 30 2025 07:50:04 GMT+0100 (West Africa Standard Time)', 'Tue Sep 30 2025 07:50:04 GMT+0100 (West Africa Standard Time)'),
  (31, 'Brazil', 'BR', 'Tue Sep 30 2025 07:50:04 GMT+0100 (West Africa Standard Time)', 'Tue Sep 30 2025 07:50:04 GMT+0100 (West Africa Standard Time)'),
  (32, 'British Indian Ocean Territory', 'IO', 'Tue Sep 30 2025 07:50:04 GMT+0100 (West Africa Standard Time)', 'Tue Sep 30 2025 07:50:04 GMT+0100 (West Africa Standard Time)'),
  (33, 'Brunei Darussalam', 'BN', 'Tue Sep 30 2025 07:50:04 GMT+0100 (West Africa Standard Time)', 'Tue Sep 30 2025 07:50:04 GMT+0100 (West Africa Standard Time)'),
  (34, 'Bulgaria', 'BG', 'Tue Sep 30 2025 07:50:04 GMT+0100 (West Africa Standard Time)', 'Tue Sep 30 2025 07:50:04 GMT+0100 (West Africa Standard Time)'),
  (35, 'Burkina Faso', 'BF', 'Tue Sep 30 2025 07:50:04 GMT+0100 (West Africa Standard Time)', 'Tue Sep 30 2025 07:50:04 GMT+0100 (West Africa Standard Time)'),
  (36, 'Burundi', 'BI', 'Tue Sep 30 2025 07:50:04 GMT+0100 (West Africa Standard Time)', 'Tue Sep 30 2025 07:50:04 GMT+0100 (West Africa Standard Time)'),
  (37, 'Cambodia', 'KH', 'Tue Sep 30 2025 07:50:04 GMT+0100 (West Africa Standard Time)', 'Tue Sep 30 2025 07:50:04 GMT+0100 (West Africa Standard Time)'),
  (38, 'Cameroon', 'CM', 'Tue Sep 30 2025 07:50:04 GMT+0100 (West Africa Standard Time)', 'Tue Sep 30 2025 07:50:04 GMT+0100 (West Africa Standard Time)'),
  (39, 'Canada', 'CA', 'Tue Sep 30 2025 07:50:04 GMT+0100 (West Africa Standard Time)', 'Tue Sep 30 2025 07:50:04 GMT+0100 (West Africa Standard Time)'),
  (40, 'Cape Verde', 'CV', 'Tue Sep 30 2025 07:50:04 GMT+0100 (West Africa Standard Time)', 'Tue Sep 30 2025 07:50:04 GMT+0100 (West Africa Standard Time)'),
  (41, 'Cayman Islands', 'KY', 'Tue Sep 30 2025 07:50:04 GMT+0100 (West Africa Standard Time)', 'Tue Sep 30 2025 07:50:04 GMT+0100 (West Africa Standard Time)'),
  (42, 'Central African Republic', 'CF', 'Tue Sep 30 2025 07:50:04 GMT+0100 (West Africa Standard Time)', 'Tue Sep 30 2025 07:50:04 GMT+0100 (West Africa Standard Time)'),
  (43, 'Chad', 'TD', 'Tue Sep 30 2025 07:50:04 GMT+0100 (West Africa Standard Time)', 'Tue Sep 30 2025 07:50:04 GMT+0100 (West Africa Standard Time)'),
  (44, 'Chile', 'CL', 'Tue Sep 30 2025 07:50:04 GMT+0100 (West Africa Standard Time)', 'Tue Sep 30 2025 07:50:04 GMT+0100 (West Africa Standard Time)'),
  (45, 'China', 'CN', 'Tue Sep 30 2025 07:50:04 GMT+0100 (West Africa Standard Time)', 'Tue Sep 30 2025 07:50:04 GMT+0100 (West Africa Standard Time)'),
  (46, 'Christmas Island', 'CX', 'Tue Sep 30 2025 07:50:04 GMT+0100 (West Africa Standard Time)', 'Tue Sep 30 2025 07:50:04 GMT+0100 (West Africa Standard Time)'),
  (47, 'Cocos (Keeling) Islands', 'CC', 'Tue Sep 30 2025 07:50:04 GMT+0100 (West Africa Standard Time)', 'Tue Sep 30 2025 07:50:04 GMT+0100 (West Africa Standard Time)'),
  (48, 'Colombia', 'CO', 'Tue Sep 30 2025 07:50:04 GMT+0100 (West Africa Standard Time)', 'Tue Sep 30 2025 07:50:04 GMT+0100 (West Africa Standard Time)'),
  (49, 'Comoros', 'KM', 'Tue Sep 30 2025 07:50:04 GMT+0100 (West Africa Standard Time)', 'Tue Sep 30 2025 07:50:04 GMT+0100 (West Africa Standard Time)'),
  (50, 'Congo', 'CG', 'Tue Sep 30 2025 07:50:04 GMT+0100 (West Africa Standard Time)', 'Tue Sep 30 2025 07:50:04 GMT+0100 (West Africa Standard Time)'),
  (51, 'Congo, The Democratic Republic of the', 'CD', 'Tue Sep 30 2025 07:50:04 GMT+0100 (West Africa Standard Time)', 'Tue Sep 30 2025 07:50:04 GMT+0100 (West Africa Standard Time)'),
  (52, 'Cook Islands', 'CK', 'Tue Sep 30 2025 07:50:04 GMT+0100 (West Africa Standard Time)', 'Tue Sep 30 2025 07:50:04 GMT+0100 (West Africa Standard Time)'),
  (53, 'Costa Rica', 'CR', 'Tue Sep 30 2025 07:50:04 GMT+0100 (West Africa Standard Time)', 'Tue Sep 30 2025 07:50:04 GMT+0100 (West Africa Standard Time)'),
  (54, 'Cote D''Ivoire', 'CI', 'Tue Sep 30 2025 07:50:04 GMT+0100 (West Africa Standard Time)', 'Tue Sep 30 2025 07:50:04 GMT+0100 (West Africa Standard Time)'),
  (55, 'Croatia', 'HR', 'Tue Sep 30 2025 07:50:04 GMT+0100 (West Africa Standard Time)', 'Tue Sep 30 2025 07:50:04 GMT+0100 (West Africa Standard Time)'),
  (56, 'Cuba', 'CU', 'Tue Sep 30 2025 07:50:04 GMT+0100 (West Africa Standard Time)', 'Tue Sep 30 2025 07:50:04 GMT+0100 (West Africa Standard Time)'),
  (57, 'Cyprus', 'CY', 'Tue Sep 30 2025 07:50:04 GMT+0100 (West Africa Standard Time)', 'Tue Sep 30 2025 07:50:04 GMT+0100 (West Africa Standard Time)'),
  (58, 'Czech Republic', 'CZ', 'Tue Sep 30 2025 07:50:04 GMT+0100 (West Africa Standard Time)', 'Tue Sep 30 2025 07:50:04 GMT+0100 (West Africa Standard Time)'),
  (59, 'Denmark', 'DK', 'Tue Sep 30 2025 07:50:04 GMT+0100 (West Africa Standard Time)', 'Tue Sep 30 2025 07:50:04 GMT+0100 (West Africa Standard Time)'),
  (60, 'Djibouti', 'DJ', 'Tue Sep 30 2025 07:50:04 GMT+0100 (West Africa Standard Time)', 'Tue Sep 30 2025 07:50:04 GMT+0100 (West Africa Standard Time)'),
  (61, 'Dominica', 'DM', 'Tue Sep 30 2025 07:50:04 GMT+0100 (West Africa Standard Time)', 'Tue Sep 30 2025 07:50:04 GMT+0100 (West Africa Standard Time)'),
  (62, 'Dominican Republic', 'DO', 'Tue Sep 30 2025 07:50:04 GMT+0100 (West Africa Standard Time)', 'Tue Sep 30 2025 07:50:04 GMT+0100 (West Africa Standard Time)'),
  (63, 'Ecuador', 'EC', 'Tue Sep 30 2025 07:50:04 GMT+0100 (West Africa Standard Time)', 'Tue Sep 30 2025 07:50:04 GMT+0100 (West Africa Standard Time)'),
  (64, 'Egypt', 'EG', 'Tue Sep 30 2025 07:50:04 GMT+0100 (West Africa Standard Time)', 'Tue Sep 30 2025 07:50:04 GMT+0100 (West Africa Standard Time)'),
  (65, 'El Salvador', 'SV', 'Tue Sep 30 2025 07:50:04 GMT+0100 (West Africa Standard Time)', 'Tue Sep 30 2025 07:50:04 GMT+0100 (West Africa Standard Time)'),
  (66, 'Equatorial Guinea', 'GQ', 'Tue Sep 30 2025 07:50:04 GMT+0100 (West Africa Standard Time)', 'Tue Sep 30 2025 07:50:04 GMT+0100 (West Africa Standard Time)'),
  (67, 'Eritrea', 'ER', 'Tue Sep 30 2025 07:50:04 GMT+0100 (West Africa Standard Time)', 'Tue Sep 30 2025 07:50:04 GMT+0100 (West Africa Standard Time)'),
  (68, 'Estonia', 'EE', 'Tue Sep 30 2025 07:50:04 GMT+0100 (West Africa Standard Time)', 'Tue Sep 30 2025 07:50:04 GMT+0100 (West Africa Standard Time)'),
  (69, 'Ethiopia', 'ET', 'Tue Sep 30 2025 07:50:04 GMT+0100 (West Africa Standard Time)', 'Tue Sep 30 2025 07:50:04 GMT+0100 (West Africa Standard Time)'),
  (70, 'Falkland Islands (Malvinas)', 'FK', 'Tue Sep 30 2025 07:50:04 GMT+0100 (West Africa Standard Time)', 'Tue Sep 30 2025 07:50:04 GMT+0100 (West Africa Standard Time)'),
  (71, 'Faroe Islands', 'FO', 'Tue Sep 30 2025 07:50:04 GMT+0100 (West Africa Standard Time)', 'Tue Sep 30 2025 07:50:04 GMT+0100 (West Africa Standard Time)'),
  (72, 'Fiji', 'FJ', 'Tue Sep 30 2025 07:50:04 GMT+0100 (West Africa Standard Time)', 'Tue Sep 30 2025 07:50:04 GMT+0100 (West Africa Standard Time)'),
  (73, 'Finland', 'FI', 'Tue Sep 30 2025 07:50:04 GMT+0100 (West Africa Standard Time)', 'Tue Sep 30 2025 07:50:04 GMT+0100 (West Africa Standard Time)'),
  (74, 'France', 'FR', 'Tue Sep 30 2025 07:50:04 GMT+0100 (West Africa Standard Time)', 'Tue Sep 30 2025 07:50:04 GMT+0100 (West Africa Standard Time)'),
  (75, 'French Guiana', 'GF', 'Tue Sep 30 2025 07:50:04 GMT+0100 (West Africa Standard Time)', 'Tue Sep 30 2025 07:50:04 GMT+0100 (West Africa Standard Time)'),
  (76, 'French Polynesia', 'PF', 'Tue Sep 30 2025 07:50:04 GMT+0100 (West Africa Standard Time)', 'Tue Sep 30 2025 07:50:04 GMT+0100 (West Africa Standard Time)'),
  (77, 'French Southern Territories', 'TF', 'Tue Sep 30 2025 07:50:04 GMT+0100 (West Africa Standard Time)', 'Tue Sep 30 2025 07:50:04 GMT+0100 (West Africa Standard Time)'),
  (78, 'Gabon', 'GA', 'Tue Sep 30 2025 07:50:04 GMT+0100 (West Africa Standard Time)', 'Tue Sep 30 2025 07:50:04 GMT+0100 (West Africa Standard Time)'),
  (79, 'Gambia', 'GM', 'Tue Sep 30 2025 07:50:04 GMT+0100 (West Africa Standard Time)', 'Tue Sep 30 2025 07:50:04 GMT+0100 (West Africa Standard Time)'),
  (80, 'Georgia', 'GE', 'Tue Sep 30 2025 07:50:04 GMT+0100 (West Africa Standard Time)', 'Tue Sep 30 2025 07:50:04 GMT+0100 (West Africa Standard Time)'),
  (81, 'Germany', 'DE', 'Tue Sep 30 2025 07:50:04 GMT+0100 (West Africa Standard Time)', 'Tue Sep 30 2025 07:50:04 GMT+0100 (West Africa Standard Time)'),
  (82, 'Ghana', 'GH', 'Tue Sep 30 2025 07:50:04 GMT+0100 (West Africa Standard Time)', 'Tue Sep 30 2025 07:50:04 GMT+0100 (West Africa Standard Time)'),
  (83, 'Gibraltar', 'GI', 'Tue Sep 30 2025 07:50:04 GMT+0100 (West Africa Standard Time)', 'Tue Sep 30 2025 07:50:04 GMT+0100 (West Africa Standard Time)'),
  (84, 'Greece', 'GR', 'Tue Sep 30 2025 07:50:04 GMT+0100 (West Africa Standard Time)', 'Tue Sep 30 2025 07:50:04 GMT+0100 (West Africa Standard Time)'),
  (85, 'Greenland', 'GL', 'Tue Sep 30 2025 07:50:04 GMT+0100 (West Africa Standard Time)', 'Tue Sep 30 2025 07:50:04 GMT+0100 (West Africa Standard Time)'),
  (86, 'Grenada', 'GD', 'Tue Sep 30 2025 07:50:04 GMT+0100 (West Africa Standard Time)', 'Tue Sep 30 2025 07:50:04 GMT+0100 (West Africa Standard Time)'),
  (87, 'Guadeloupe', 'GP', 'Tue Sep 30 2025 07:50:04 GMT+0100 (West Africa Standard Time)', 'Tue Sep 30 2025 07:50:04 GMT+0100 (West Africa Standard Time)'),
  (88, 'Guam', 'GU', 'Tue Sep 30 2025 07:50:04 GMT+0100 (West Africa Standard Time)', 'Tue Sep 30 2025 07:50:04 GMT+0100 (West Africa Standard Time)'),
  (89, 'Guatemala', 'GT', 'Tue Sep 30 2025 07:50:04 GMT+0100 (West Africa Standard Time)', 'Tue Sep 30 2025 07:50:04 GMT+0100 (West Africa Standard Time)'),
  (90, 'Guernsey', 'GG', 'Tue Sep 30 2025 07:50:04 GMT+0100 (West Africa Standard Time)', 'Tue Sep 30 2025 07:50:04 GMT+0100 (West Africa Standard Time)'),
  (91, 'Guinea', 'GN', 'Tue Sep 30 2025 07:50:04 GMT+0100 (West Africa Standard Time)', 'Tue Sep 30 2025 07:50:04 GMT+0100 (West Africa Standard Time)'),
  (92, 'Guinea-Bissau', 'GW', 'Tue Sep 30 2025 07:50:04 GMT+0100 (West Africa Standard Time)', 'Tue Sep 30 2025 07:50:04 GMT+0100 (West Africa Standard Time)'),
  (93, 'Guyana', 'GY', 'Tue Sep 30 2025 07:50:04 GMT+0100 (West Africa Standard Time)', 'Tue Sep 30 2025 07:50:04 GMT+0100 (West Africa Standard Time)'),
  (94, 'Haiti', 'HT', 'Tue Sep 30 2025 07:50:04 GMT+0100 (West Africa Standard Time)', 'Tue Sep 30 2025 07:50:04 GMT+0100 (West Africa Standard Time)'),
  (95, 'Heard Island and Mcdonald Islands', 'HM', 'Tue Sep 30 2025 07:50:04 GMT+0100 (West Africa Standard Time)', 'Tue Sep 30 2025 07:50:04 GMT+0100 (West Africa Standard Time)'),
  (96, 'Holy See (Vatican City State)', 'VA', 'Tue Sep 30 2025 07:50:04 GMT+0100 (West Africa Standard Time)', 'Tue Sep 30 2025 07:50:04 GMT+0100 (West Africa Standard Time)'),
  (97, 'Honduras', 'HN', 'Tue Sep 30 2025 07:50:04 GMT+0100 (West Africa Standard Time)', 'Tue Sep 30 2025 07:50:04 GMT+0100 (West Africa Standard Time)'),
  (98, 'Hong Kong', 'HK', 'Tue Sep 30 2025 07:50:04 GMT+0100 (West Africa Standard Time)', 'Tue Sep 30 2025 07:50:04 GMT+0100 (West Africa Standard Time)'),
  (99, 'Hungary', 'HU', 'Tue Sep 30 2025 07:50:04 GMT+0100 (West Africa Standard Time)', 'Tue Sep 30 2025 07:50:04 GMT+0100 (West Africa Standard Time)'),
  (100, 'Iceland', 'IS', 'Tue Sep 30 2025 07:50:04 GMT+0100 (West Africa Standard Time)', 'Tue Sep 30 2025 07:50:04 GMT+0100 (West Africa Standard Time)');

INSERT INTO `countries` (`id`, `name`, `code`, `createdAt`, `updatedAt`) VALUES
  (101, 'India', 'IN', 'Tue Sep 30 2025 07:50:04 GMT+0100 (West Africa Standard Time)', 'Tue Sep 30 2025 07:50:04 GMT+0100 (West Africa Standard Time)'),
  (102, 'Indonesia', 'ID', 'Tue Sep 30 2025 07:50:04 GMT+0100 (West Africa Standard Time)', 'Tue Sep 30 2025 07:50:04 GMT+0100 (West Africa Standard Time)'),
  (103, 'Iran, Islamic Republic Of', 'IR', 'Tue Sep 30 2025 07:50:04 GMT+0100 (West Africa Standard Time)', 'Tue Sep 30 2025 07:50:04 GMT+0100 (West Africa Standard Time)'),
  (104, 'Iraq', 'IQ', 'Tue Sep 30 2025 07:50:04 GMT+0100 (West Africa Standard Time)', 'Tue Sep 30 2025 07:50:04 GMT+0100 (West Africa Standard Time)'),
  (105, 'Ireland', 'IE', 'Tue Sep 30 2025 07:50:04 GMT+0100 (West Africa Standard Time)', 'Tue Sep 30 2025 07:50:04 GMT+0100 (West Africa Standard Time)'),
  (106, 'Isle of Man', 'IM', 'Tue Sep 30 2025 07:50:04 GMT+0100 (West Africa Standard Time)', 'Tue Sep 30 2025 07:50:04 GMT+0100 (West Africa Standard Time)'),
  (107, 'Israel', 'IL', 'Tue Sep 30 2025 07:50:04 GMT+0100 (West Africa Standard Time)', 'Tue Sep 30 2025 07:50:04 GMT+0100 (West Africa Standard Time)'),
  (108, 'Italy', 'IT', 'Tue Sep 30 2025 07:50:04 GMT+0100 (West Africa Standard Time)', 'Tue Sep 30 2025 07:50:04 GMT+0100 (West Africa Standard Time)'),
  (109, 'Jamaica', 'JM', 'Tue Sep 30 2025 07:50:04 GMT+0100 (West Africa Standard Time)', 'Tue Sep 30 2025 07:50:04 GMT+0100 (West Africa Standard Time)'),
  (110, 'Japan', 'JP', 'Tue Sep 30 2025 07:50:04 GMT+0100 (West Africa Standard Time)', 'Tue Sep 30 2025 07:50:04 GMT+0100 (West Africa Standard Time)'),
  (111, 'Jersey', 'JE', 'Tue Sep 30 2025 07:50:04 GMT+0100 (West Africa Standard Time)', 'Tue Sep 30 2025 07:50:04 GMT+0100 (West Africa Standard Time)'),
  (112, 'Jordan', 'JO', 'Tue Sep 30 2025 07:50:04 GMT+0100 (West Africa Standard Time)', 'Tue Sep 30 2025 07:50:04 GMT+0100 (West Africa Standard Time)'),
  (113, 'Kazakhstan', 'KZ', 'Tue Sep 30 2025 07:50:04 GMT+0100 (West Africa Standard Time)', 'Tue Sep 30 2025 07:50:04 GMT+0100 (West Africa Standard Time)'),
  (114, 'Kenya', 'KE', 'Tue Sep 30 2025 07:50:04 GMT+0100 (West Africa Standard Time)', 'Tue Sep 30 2025 07:50:04 GMT+0100 (West Africa Standard Time)'),
  (115, 'Kiribati', 'KI', 'Tue Sep 30 2025 07:50:04 GMT+0100 (West Africa Standard Time)', 'Tue Sep 30 2025 07:50:04 GMT+0100 (West Africa Standard Time)'),
  (116, 'Korea, Democratic People''S Republic of', 'KP', 'Tue Sep 30 2025 07:50:04 GMT+0100 (West Africa Standard Time)', 'Tue Sep 30 2025 07:50:04 GMT+0100 (West Africa Standard Time)'),
  (117, 'Korea, Republic of', 'KR', 'Tue Sep 30 2025 07:50:04 GMT+0100 (West Africa Standard Time)', 'Tue Sep 30 2025 07:50:04 GMT+0100 (West Africa Standard Time)'),
  (118, 'Kuwait', 'KW', 'Tue Sep 30 2025 07:50:04 GMT+0100 (West Africa Standard Time)', 'Tue Sep 30 2025 07:50:04 GMT+0100 (West Africa Standard Time)'),
  (119, 'Kyrgyzstan', 'KG', 'Tue Sep 30 2025 07:50:04 GMT+0100 (West Africa Standard Time)', 'Tue Sep 30 2025 07:50:04 GMT+0100 (West Africa Standard Time)'),
  (120, 'Lao People''S Democratic Republic', 'LA', 'Tue Sep 30 2025 07:50:04 GMT+0100 (West Africa Standard Time)', 'Tue Sep 30 2025 07:50:04 GMT+0100 (West Africa Standard Time)'),
  (121, 'Latvia', 'LV', 'Tue Sep 30 2025 07:50:04 GMT+0100 (West Africa Standard Time)', 'Tue Sep 30 2025 07:50:04 GMT+0100 (West Africa Standard Time)'),
  (122, 'Lebanon', 'LB', 'Tue Sep 30 2025 07:50:04 GMT+0100 (West Africa Standard Time)', 'Tue Sep 30 2025 07:50:04 GMT+0100 (West Africa Standard Time)'),
  (123, 'Lesotho', 'LS', 'Tue Sep 30 2025 07:50:04 GMT+0100 (West Africa Standard Time)', 'Tue Sep 30 2025 07:50:04 GMT+0100 (West Africa Standard Time)'),
  (124, 'Liberia', 'LR', 'Tue Sep 30 2025 07:50:04 GMT+0100 (West Africa Standard Time)', 'Tue Sep 30 2025 07:50:04 GMT+0100 (West Africa Standard Time)'),
  (125, 'Libyan Arab Jamahiriya', 'LY', 'Tue Sep 30 2025 07:50:04 GMT+0100 (West Africa Standard Time)', 'Tue Sep 30 2025 07:50:04 GMT+0100 (West Africa Standard Time)'),
  (126, 'Liechtenstein', 'LI', 'Tue Sep 30 2025 07:50:04 GMT+0100 (West Africa Standard Time)', 'Tue Sep 30 2025 07:50:04 GMT+0100 (West Africa Standard Time)'),
  (127, 'Lithuania', 'LT', 'Tue Sep 30 2025 07:50:04 GMT+0100 (West Africa Standard Time)', 'Tue Sep 30 2025 07:50:04 GMT+0100 (West Africa Standard Time)'),
  (128, 'Luxembourg', 'LU', 'Tue Sep 30 2025 07:50:04 GMT+0100 (West Africa Standard Time)', 'Tue Sep 30 2025 07:50:04 GMT+0100 (West Africa Standard Time)'),
  (129, 'Macao', 'MO', 'Tue Sep 30 2025 07:50:04 GMT+0100 (West Africa Standard Time)', 'Tue Sep 30 2025 07:50:04 GMT+0100 (West Africa Standard Time)'),
  (130, 'Macedonia, The Former Yugoslav Republic of', 'MK', 'Tue Sep 30 2025 07:50:04 GMT+0100 (West Africa Standard Time)', 'Tue Sep 30 2025 07:50:04 GMT+0100 (West Africa Standard Time)'),
  (131, 'Madagascar', 'MG', 'Tue Sep 30 2025 07:50:04 GMT+0100 (West Africa Standard Time)', 'Tue Sep 30 2025 07:50:04 GMT+0100 (West Africa Standard Time)'),
  (132, 'Malawi', 'MW', 'Tue Sep 30 2025 07:50:04 GMT+0100 (West Africa Standard Time)', 'Tue Sep 30 2025 07:50:04 GMT+0100 (West Africa Standard Time)'),
  (133, 'Malaysia', 'MY', 'Tue Sep 30 2025 07:50:04 GMT+0100 (West Africa Standard Time)', 'Tue Sep 30 2025 07:50:04 GMT+0100 (West Africa Standard Time)'),
  (134, 'Maldives', 'MV', 'Tue Sep 30 2025 07:50:04 GMT+0100 (West Africa Standard Time)', 'Tue Sep 30 2025 07:50:04 GMT+0100 (West Africa Standard Time)'),
  (135, 'Mali', 'ML', 'Tue Sep 30 2025 07:50:04 GMT+0100 (West Africa Standard Time)', 'Tue Sep 30 2025 07:50:04 GMT+0100 (West Africa Standard Time)'),
  (136, 'Malta', 'MT', 'Tue Sep 30 2025 07:50:04 GMT+0100 (West Africa Standard Time)', 'Tue Sep 30 2025 07:50:04 GMT+0100 (West Africa Standard Time)'),
  (137, 'Marshall Islands', 'MH', 'Tue Sep 30 2025 07:50:04 GMT+0100 (West Africa Standard Time)', 'Tue Sep 30 2025 07:50:04 GMT+0100 (West Africa Standard Time)'),
  (138, 'Martinique', 'MQ', 'Tue Sep 30 2025 07:50:04 GMT+0100 (West Africa Standard Time)', 'Tue Sep 30 2025 07:50:04 GMT+0100 (West Africa Standard Time)'),
  (139, 'Mauritania', 'MR', 'Tue Sep 30 2025 07:50:04 GMT+0100 (West Africa Standard Time)', 'Tue Sep 30 2025 07:50:04 GMT+0100 (West Africa Standard Time)'),
  (140, 'Mauritius', 'MU', 'Tue Sep 30 2025 07:50:04 GMT+0100 (West Africa Standard Time)', 'Tue Sep 30 2025 07:50:04 GMT+0100 (West Africa Standard Time)'),
  (141, 'Mayotte', 'YT', 'Tue Sep 30 2025 07:50:04 GMT+0100 (West Africa Standard Time)', 'Tue Sep 30 2025 07:50:04 GMT+0100 (West Africa Standard Time)'),
  (142, 'Mexico', 'MX', 'Tue Sep 30 2025 07:50:04 GMT+0100 (West Africa Standard Time)', 'Tue Sep 30 2025 07:50:04 GMT+0100 (West Africa Standard Time)'),
  (143, 'Micronesia, Federated States of', 'FM', 'Tue Sep 30 2025 07:50:04 GMT+0100 (West Africa Standard Time)', 'Tue Sep 30 2025 07:50:04 GMT+0100 (West Africa Standard Time)'),
  (144, 'Moldova, Republic of', 'MD', 'Tue Sep 30 2025 07:50:04 GMT+0100 (West Africa Standard Time)', 'Tue Sep 30 2025 07:50:04 GMT+0100 (West Africa Standard Time)'),
  (145, 'Monaco', 'MC', 'Tue Sep 30 2025 07:50:04 GMT+0100 (West Africa Standard Time)', 'Tue Sep 30 2025 07:50:04 GMT+0100 (West Africa Standard Time)'),
  (146, 'Mongolia', 'MN', 'Tue Sep 30 2025 07:50:04 GMT+0100 (West Africa Standard Time)', 'Tue Sep 30 2025 07:50:04 GMT+0100 (West Africa Standard Time)'),
  (147, 'Montserrat', 'MS', 'Tue Sep 30 2025 07:50:04 GMT+0100 (West Africa Standard Time)', 'Tue Sep 30 2025 07:50:04 GMT+0100 (West Africa Standard Time)'),
  (148, 'Morocco', 'MA', 'Tue Sep 30 2025 07:50:04 GMT+0100 (West Africa Standard Time)', 'Tue Sep 30 2025 07:50:04 GMT+0100 (West Africa Standard Time)'),
  (149, 'Mozambique', 'MZ', 'Tue Sep 30 2025 07:50:04 GMT+0100 (West Africa Standard Time)', 'Tue Sep 30 2025 07:50:04 GMT+0100 (West Africa Standard Time)'),
  (150, 'Myanmar', 'MM', 'Tue Sep 30 2025 07:50:04 GMT+0100 (West Africa Standard Time)', 'Tue Sep 30 2025 07:50:04 GMT+0100 (West Africa Standard Time)'),
  (151, 'Namibia', 'NA', 'Tue Sep 30 2025 07:50:04 GMT+0100 (West Africa Standard Time)', 'Tue Sep 30 2025 07:50:04 GMT+0100 (West Africa Standard Time)'),
  (152, 'Nauru', 'NR', 'Tue Sep 30 2025 07:50:04 GMT+0100 (West Africa Standard Time)', 'Tue Sep 30 2025 07:50:04 GMT+0100 (West Africa Standard Time)'),
  (153, 'Nepal', 'NP', 'Tue Sep 30 2025 07:50:04 GMT+0100 (West Africa Standard Time)', 'Tue Sep 30 2025 07:50:04 GMT+0100 (West Africa Standard Time)'),
  (154, 'Netherlands', 'NL', 'Tue Sep 30 2025 07:50:04 GMT+0100 (West Africa Standard Time)', 'Tue Sep 30 2025 07:50:04 GMT+0100 (West Africa Standard Time)'),
  (155, 'Netherlands Antilles', 'AN', 'Tue Sep 30 2025 07:50:04 GMT+0100 (West Africa Standard Time)', 'Tue Sep 30 2025 07:50:04 GMT+0100 (West Africa Standard Time)'),
  (156, 'New Caledonia', 'NC', 'Tue Sep 30 2025 07:50:04 GMT+0100 (West Africa Standard Time)', 'Tue Sep 30 2025 07:50:04 GMT+0100 (West Africa Standard Time)'),
  (157, 'New Zealand', 'NZ', 'Tue Sep 30 2025 07:50:04 GMT+0100 (West Africa Standard Time)', 'Tue Sep 30 2025 07:50:04 GMT+0100 (West Africa Standard Time)'),
  (158, 'Nicaragua', 'NI', 'Tue Sep 30 2025 07:50:04 GMT+0100 (West Africa Standard Time)', 'Tue Sep 30 2025 07:50:04 GMT+0100 (West Africa Standard Time)'),
  (159, 'Niger', 'NE', 'Tue Sep 30 2025 07:50:04 GMT+0100 (West Africa Standard Time)', 'Tue Sep 30 2025 07:50:04 GMT+0100 (West Africa Standard Time)'),
  (160, 'Nigeria', 'NG', 'Tue Sep 30 2025 07:50:04 GMT+0100 (West Africa Standard Time)', 'Tue Sep 30 2025 07:50:04 GMT+0100 (West Africa Standard Time)'),
  (161, 'Niue', 'NU', 'Tue Sep 30 2025 07:50:04 GMT+0100 (West Africa Standard Time)', 'Tue Sep 30 2025 07:50:04 GMT+0100 (West Africa Standard Time)'),
  (162, 'Norfolk Island', 'NF', 'Tue Sep 30 2025 07:50:04 GMT+0100 (West Africa Standard Time)', 'Tue Sep 30 2025 07:50:04 GMT+0100 (West Africa Standard Time)'),
  (163, 'Northern Mariana Islands', 'MP', 'Tue Sep 30 2025 07:50:04 GMT+0100 (West Africa Standard Time)', 'Tue Sep 30 2025 07:50:04 GMT+0100 (West Africa Standard Time)'),
  (164, 'Norway', 'NO', 'Tue Sep 30 2025 07:50:04 GMT+0100 (West Africa Standard Time)', 'Tue Sep 30 2025 07:50:04 GMT+0100 (West Africa Standard Time)'),
  (165, 'Oman', 'OM', 'Tue Sep 30 2025 07:50:04 GMT+0100 (West Africa Standard Time)', 'Tue Sep 30 2025 07:50:04 GMT+0100 (West Africa Standard Time)'),
  (166, 'Pakistan', 'PK', 'Tue Sep 30 2025 07:50:04 GMT+0100 (West Africa Standard Time)', 'Tue Sep 30 2025 07:50:04 GMT+0100 (West Africa Standard Time)'),
  (167, 'Palau', 'PW', 'Tue Sep 30 2025 07:50:04 GMT+0100 (West Africa Standard Time)', 'Tue Sep 30 2025 07:50:04 GMT+0100 (West Africa Standard Time)'),
  (168, 'Palestinian Territory, Occupied', 'PS', 'Tue Sep 30 2025 07:50:04 GMT+0100 (West Africa Standard Time)', 'Tue Sep 30 2025 07:50:04 GMT+0100 (West Africa Standard Time)'),
  (169, 'Panama', 'PA', 'Tue Sep 30 2025 07:50:04 GMT+0100 (West Africa Standard Time)', 'Tue Sep 30 2025 07:50:04 GMT+0100 (West Africa Standard Time)'),
  (170, 'Papua New Guinea', 'PG', 'Tue Sep 30 2025 07:50:04 GMT+0100 (West Africa Standard Time)', 'Tue Sep 30 2025 07:50:04 GMT+0100 (West Africa Standard Time)'),
  (171, 'Paraguay', 'PY', 'Tue Sep 30 2025 07:50:04 GMT+0100 (West Africa Standard Time)', 'Tue Sep 30 2025 07:50:04 GMT+0100 (West Africa Standard Time)'),
  (172, 'Peru', 'PE', 'Tue Sep 30 2025 07:50:04 GMT+0100 (West Africa Standard Time)', 'Tue Sep 30 2025 07:50:04 GMT+0100 (West Africa Standard Time)'),
  (173, 'Philippines', 'PH', 'Tue Sep 30 2025 07:50:04 GMT+0100 (West Africa Standard Time)', 'Tue Sep 30 2025 07:50:04 GMT+0100 (West Africa Standard Time)'),
  (174, 'Pitcairn', 'PN', 'Tue Sep 30 2025 07:50:04 GMT+0100 (West Africa Standard Time)', 'Tue Sep 30 2025 07:50:04 GMT+0100 (West Africa Standard Time)'),
  (175, 'Poland', 'PL', 'Tue Sep 30 2025 07:50:04 GMT+0100 (West Africa Standard Time)', 'Tue Sep 30 2025 07:50:04 GMT+0100 (West Africa Standard Time)'),
  (176, 'Portugal', 'PT', 'Tue Sep 30 2025 07:50:04 GMT+0100 (West Africa Standard Time)', 'Tue Sep 30 2025 07:50:04 GMT+0100 (West Africa Standard Time)'),
  (177, 'Puerto Rico', 'PR', 'Tue Sep 30 2025 07:50:04 GMT+0100 (West Africa Standard Time)', 'Tue Sep 30 2025 07:50:04 GMT+0100 (West Africa Standard Time)'),
  (178, 'Qatar', 'QA', 'Tue Sep 30 2025 07:50:04 GMT+0100 (West Africa Standard Time)', 'Tue Sep 30 2025 07:50:04 GMT+0100 (West Africa Standard Time)'),
  (179, 'Reunion', 'RE', 'Tue Sep 30 2025 07:50:04 GMT+0100 (West Africa Standard Time)', 'Tue Sep 30 2025 07:50:04 GMT+0100 (West Africa Standard Time)'),
  (180, 'Romania', 'RO', 'Tue Sep 30 2025 07:50:04 GMT+0100 (West Africa Standard Time)', 'Tue Sep 30 2025 07:50:04 GMT+0100 (West Africa Standard Time)'),
  (181, 'Russian Federation', 'RU', 'Tue Sep 30 2025 07:50:04 GMT+0100 (West Africa Standard Time)', 'Tue Sep 30 2025 07:50:04 GMT+0100 (West Africa Standard Time)'),
  (182, 'RWANDA', 'RW', 'Tue Sep 30 2025 07:50:04 GMT+0100 (West Africa Standard Time)', 'Tue Sep 30 2025 07:50:04 GMT+0100 (West Africa Standard Time)'),
  (183, 'Saint Helena', 'SH', 'Tue Sep 30 2025 07:50:04 GMT+0100 (West Africa Standard Time)', 'Tue Sep 30 2025 07:50:04 GMT+0100 (West Africa Standard Time)'),
  (184, 'Saint Kitts and Nevis', 'KN', 'Tue Sep 30 2025 07:50:04 GMT+0100 (West Africa Standard Time)', 'Tue Sep 30 2025 07:50:04 GMT+0100 (West Africa Standard Time)'),
  (185, 'Saint Lucia', 'LC', 'Tue Sep 30 2025 07:50:04 GMT+0100 (West Africa Standard Time)', 'Tue Sep 30 2025 07:50:04 GMT+0100 (West Africa Standard Time)'),
  (186, 'Saint Pierre and Miquelon', 'PM', 'Tue Sep 30 2025 07:50:04 GMT+0100 (West Africa Standard Time)', 'Tue Sep 30 2025 07:50:04 GMT+0100 (West Africa Standard Time)'),
  (187, 'Saint Vincent and the Grenadines', 'VC', 'Tue Sep 30 2025 07:50:04 GMT+0100 (West Africa Standard Time)', 'Tue Sep 30 2025 07:50:04 GMT+0100 (West Africa Standard Time)'),
  (188, 'Samoa', 'WS', 'Tue Sep 30 2025 07:50:04 GMT+0100 (West Africa Standard Time)', 'Tue Sep 30 2025 07:50:04 GMT+0100 (West Africa Standard Time)'),
  (189, 'San Marino', 'SM', 'Tue Sep 30 2025 07:50:04 GMT+0100 (West Africa Standard Time)', 'Tue Sep 30 2025 07:50:04 GMT+0100 (West Africa Standard Time)'),
  (190, 'Sao Tome and Principe', 'ST', 'Tue Sep 30 2025 07:50:04 GMT+0100 (West Africa Standard Time)', 'Tue Sep 30 2025 07:50:04 GMT+0100 (West Africa Standard Time)'),
  (191, 'Saudi Arabia', 'SA', 'Tue Sep 30 2025 07:50:04 GMT+0100 (West Africa Standard Time)', 'Tue Sep 30 2025 07:50:04 GMT+0100 (West Africa Standard Time)'),
  (192, 'Senegal', 'SN', 'Tue Sep 30 2025 07:50:04 GMT+0100 (West Africa Standard Time)', 'Tue Sep 30 2025 07:50:04 GMT+0100 (West Africa Standard Time)'),
  (193, 'Serbia and Montenegro', 'CS', 'Tue Sep 30 2025 07:50:04 GMT+0100 (West Africa Standard Time)', 'Tue Sep 30 2025 07:50:04 GMT+0100 (West Africa Standard Time)'),
  (194, 'Seychelles', 'SC', 'Tue Sep 30 2025 07:50:04 GMT+0100 (West Africa Standard Time)', 'Tue Sep 30 2025 07:50:04 GMT+0100 (West Africa Standard Time)'),
  (195, 'Sierra Leone', 'SL', 'Tue Sep 30 2025 07:50:04 GMT+0100 (West Africa Standard Time)', 'Tue Sep 30 2025 07:50:04 GMT+0100 (West Africa Standard Time)'),
  (196, 'Singapore', 'SG', 'Tue Sep 30 2025 07:50:04 GMT+0100 (West Africa Standard Time)', 'Tue Sep 30 2025 07:50:04 GMT+0100 (West Africa Standard Time)'),
  (197, 'Slovakia', 'SK', 'Tue Sep 30 2025 07:50:04 GMT+0100 (West Africa Standard Time)', 'Tue Sep 30 2025 07:50:04 GMT+0100 (West Africa Standard Time)'),
  (198, 'Slovenia', 'SI', 'Tue Sep 30 2025 07:50:04 GMT+0100 (West Africa Standard Time)', 'Tue Sep 30 2025 07:50:04 GMT+0100 (West Africa Standard Time)'),
  (199, 'Solomon Islands', 'SB', 'Tue Sep 30 2025 07:50:04 GMT+0100 (West Africa Standard Time)', 'Tue Sep 30 2025 07:50:04 GMT+0100 (West Africa Standard Time)'),
  (200, 'Somalia', 'SO', 'Tue Sep 30 2025 07:50:04 GMT+0100 (West Africa Standard Time)', 'Tue Sep 30 2025 07:50:04 GMT+0100 (West Africa Standard Time)');

INSERT INTO `countries` (`id`, `name`, `code`, `createdAt`, `updatedAt`) VALUES
  (201, 'South Africa', 'ZA', 'Tue Sep 30 2025 07:50:04 GMT+0100 (West Africa Standard Time)', 'Tue Sep 30 2025 07:50:04 GMT+0100 (West Africa Standard Time)'),
  (202, 'South Georgia and the South Sandwich Islands', 'GS', 'Tue Sep 30 2025 07:50:04 GMT+0100 (West Africa Standard Time)', 'Tue Sep 30 2025 07:50:04 GMT+0100 (West Africa Standard Time)'),
  (203, 'Spain', 'ES', 'Tue Sep 30 2025 07:50:04 GMT+0100 (West Africa Standard Time)', 'Tue Sep 30 2025 07:50:04 GMT+0100 (West Africa Standard Time)'),
  (204, 'Sri Lanka', 'LK', 'Tue Sep 30 2025 07:50:04 GMT+0100 (West Africa Standard Time)', 'Tue Sep 30 2025 07:50:04 GMT+0100 (West Africa Standard Time)'),
  (205, 'Sudan', 'SD', 'Tue Sep 30 2025 07:50:04 GMT+0100 (West Africa Standard Time)', 'Tue Sep 30 2025 07:50:04 GMT+0100 (West Africa Standard Time)'),
  (206, 'Suriname', 'SR', 'Tue Sep 30 2025 07:50:04 GMT+0100 (West Africa Standard Time)', 'Tue Sep 30 2025 07:50:04 GMT+0100 (West Africa Standard Time)'),
  (207, 'Svalbard and Jan Mayen', 'SJ', 'Tue Sep 30 2025 07:50:04 GMT+0100 (West Africa Standard Time)', 'Tue Sep 30 2025 07:50:04 GMT+0100 (West Africa Standard Time)'),
  (208, 'Swaziland', 'SZ', 'Tue Sep 30 2025 07:50:04 GMT+0100 (West Africa Standard Time)', 'Tue Sep 30 2025 07:50:04 GMT+0100 (West Africa Standard Time)'),
  (209, 'Sweden', 'SE', 'Tue Sep 30 2025 07:50:04 GMT+0100 (West Africa Standard Time)', 'Tue Sep 30 2025 07:50:04 GMT+0100 (West Africa Standard Time)'),
  (210, 'Switzerland', 'CH', 'Tue Sep 30 2025 07:50:04 GMT+0100 (West Africa Standard Time)', 'Tue Sep 30 2025 07:50:04 GMT+0100 (West Africa Standard Time)'),
  (211, 'Syrian Arab Republic', 'SY', 'Tue Sep 30 2025 07:50:04 GMT+0100 (West Africa Standard Time)', 'Tue Sep 30 2025 07:50:04 GMT+0100 (West Africa Standard Time)'),
  (212, 'Taiwan, Province of China', 'TW', 'Tue Sep 30 2025 07:50:04 GMT+0100 (West Africa Standard Time)', 'Tue Sep 30 2025 07:50:04 GMT+0100 (West Africa Standard Time)'),
  (213, 'Tajikistan', 'TJ', 'Tue Sep 30 2025 07:50:04 GMT+0100 (West Africa Standard Time)', 'Tue Sep 30 2025 07:50:04 GMT+0100 (West Africa Standard Time)'),
  (214, 'Tanzania, United Republic of', 'TZ', 'Tue Sep 30 2025 07:50:04 GMT+0100 (West Africa Standard Time)', 'Tue Sep 30 2025 07:50:04 GMT+0100 (West Africa Standard Time)'),
  (215, 'Thailand', 'TH', 'Tue Sep 30 2025 07:50:04 GMT+0100 (West Africa Standard Time)', 'Tue Sep 30 2025 07:50:04 GMT+0100 (West Africa Standard Time)'),
  (216, 'Timor-Leste', 'TL', 'Tue Sep 30 2025 07:50:04 GMT+0100 (West Africa Standard Time)', 'Tue Sep 30 2025 07:50:04 GMT+0100 (West Africa Standard Time)'),
  (217, 'Togo', 'TG', 'Tue Sep 30 2025 07:50:04 GMT+0100 (West Africa Standard Time)', 'Tue Sep 30 2025 07:50:04 GMT+0100 (West Africa Standard Time)'),
  (218, 'Tokelau', 'TK', 'Tue Sep 30 2025 07:50:04 GMT+0100 (West Africa Standard Time)', 'Tue Sep 30 2025 07:50:04 GMT+0100 (West Africa Standard Time)'),
  (219, 'Tonga', 'TO', 'Tue Sep 30 2025 07:50:04 GMT+0100 (West Africa Standard Time)', 'Tue Sep 30 2025 07:50:04 GMT+0100 (West Africa Standard Time)'),
  (220, 'Trinidad and Tobago', 'TT', 'Tue Sep 30 2025 07:50:04 GMT+0100 (West Africa Standard Time)', 'Tue Sep 30 2025 07:50:04 GMT+0100 (West Africa Standard Time)'),
  (221, 'Tunisia', 'TN', 'Tue Sep 30 2025 07:50:04 GMT+0100 (West Africa Standard Time)', 'Tue Sep 30 2025 07:50:04 GMT+0100 (West Africa Standard Time)'),
  (222, 'Turkey', 'TR', 'Tue Sep 30 2025 07:50:04 GMT+0100 (West Africa Standard Time)', 'Tue Sep 30 2025 07:50:04 GMT+0100 (West Africa Standard Time)'),
  (223, 'Turkmenistan', 'TM', 'Tue Sep 30 2025 07:50:04 GMT+0100 (West Africa Standard Time)', 'Tue Sep 30 2025 07:50:04 GMT+0100 (West Africa Standard Time)'),
  (224, 'Turks and Caicos Islands', 'TC', 'Tue Sep 30 2025 07:50:04 GMT+0100 (West Africa Standard Time)', 'Tue Sep 30 2025 07:50:04 GMT+0100 (West Africa Standard Time)'),
  (225, 'Tuvalu', 'TV', 'Tue Sep 30 2025 07:50:04 GMT+0100 (West Africa Standard Time)', 'Tue Sep 30 2025 07:50:04 GMT+0100 (West Africa Standard Time)'),
  (226, 'Uganda', 'UG', 'Tue Sep 30 2025 07:50:04 GMT+0100 (West Africa Standard Time)', 'Tue Sep 30 2025 07:50:04 GMT+0100 (West Africa Standard Time)'),
  (227, 'Ukraine', 'UA', 'Tue Sep 30 2025 07:50:04 GMT+0100 (West Africa Standard Time)', 'Tue Sep 30 2025 07:50:04 GMT+0100 (West Africa Standard Time)'),
  (228, 'United Arab Emirates', 'AE', 'Tue Sep 30 2025 07:50:04 GMT+0100 (West Africa Standard Time)', 'Tue Sep 30 2025 07:50:04 GMT+0100 (West Africa Standard Time)'),
  (229, 'United Kingdom', 'GB', 'Tue Sep 30 2025 07:50:04 GMT+0100 (West Africa Standard Time)', 'Tue Sep 30 2025 07:50:04 GMT+0100 (West Africa Standard Time)'),
  (230, 'United States', 'US', 'Tue Sep 30 2025 07:50:04 GMT+0100 (West Africa Standard Time)', 'Tue Sep 30 2025 07:50:04 GMT+0100 (West Africa Standard Time)'),
  (231, 'United States Minor Outlying Islands', 'UM', 'Tue Sep 30 2025 07:50:04 GMT+0100 (West Africa Standard Time)', 'Tue Sep 30 2025 07:50:04 GMT+0100 (West Africa Standard Time)'),
  (232, 'Uruguay', 'UY', 'Tue Sep 30 2025 07:50:04 GMT+0100 (West Africa Standard Time)', 'Tue Sep 30 2025 07:50:04 GMT+0100 (West Africa Standard Time)'),
  (233, 'Uzbekistan', 'UZ', 'Tue Sep 30 2025 07:50:04 GMT+0100 (West Africa Standard Time)', 'Tue Sep 30 2025 07:50:04 GMT+0100 (West Africa Standard Time)'),
  (234, 'Vanuatu', 'VU', 'Tue Sep 30 2025 07:50:04 GMT+0100 (West Africa Standard Time)', 'Tue Sep 30 2025 07:50:04 GMT+0100 (West Africa Standard Time)'),
  (235, 'Venezuela', 'VE', 'Tue Sep 30 2025 07:50:04 GMT+0100 (West Africa Standard Time)', 'Tue Sep 30 2025 07:50:04 GMT+0100 (West Africa Standard Time)'),
  (236, 'Viet Nam', 'VN', 'Tue Sep 30 2025 07:50:04 GMT+0100 (West Africa Standard Time)', 'Tue Sep 30 2025 07:50:04 GMT+0100 (West Africa Standard Time)'),
  (237, 'Virgin Islands, British', 'VG', 'Tue Sep 30 2025 07:50:04 GMT+0100 (West Africa Standard Time)', 'Tue Sep 30 2025 07:50:04 GMT+0100 (West Africa Standard Time)'),
  (238, 'Virgin Islands, U.S.', 'VI', 'Tue Sep 30 2025 07:50:04 GMT+0100 (West Africa Standard Time)', 'Tue Sep 30 2025 07:50:04 GMT+0100 (West Africa Standard Time)'),
  (239, 'Wallis and Futuna', 'WF', 'Tue Sep 30 2025 07:50:04 GMT+0100 (West Africa Standard Time)', 'Tue Sep 30 2025 07:50:04 GMT+0100 (West Africa Standard Time)'),
  (240, 'Western Sahara', 'EH', 'Tue Sep 30 2025 07:50:04 GMT+0100 (West Africa Standard Time)', 'Tue Sep 30 2025 07:50:04 GMT+0100 (West Africa Standard Time)'),
  (241, 'Yemen', 'YE', 'Tue Sep 30 2025 07:50:04 GMT+0100 (West Africa Standard Time)', 'Tue Sep 30 2025 07:50:04 GMT+0100 (West Africa Standard Time)'),
  (242, 'Zambia', 'ZM', 'Tue Sep 30 2025 07:50:04 GMT+0100 (West Africa Standard Time)', 'Tue Sep 30 2025 07:50:04 GMT+0100 (West Africa Standard Time)'),
  (243, 'Zimbabwe', 'ZW', 'Tue Sep 30 2025 07:50:04 GMT+0100 (West Africa Standard Time)', 'Tue Sep 30 2025 07:50:04 GMT+0100 (West Africa Standard Time)');

/*!40000 ALTER TABLE `countries` ENABLE KEYS */;
UNLOCK TABLES;


-- --------------------------------------------------------
-- Table structure for table `feedbacks`
-- --------------------------------------------------------

DROP TABLE IF EXISTS `feedbacks`;
CREATE TABLE "feedbacks" (
  "id" int NOT NULL AUTO_INCREMENT,
  "email" varchar(255) DEFAULT NULL,
  "content" text,
  "name" varchar(255) DEFAULT NULL,
  "createdAt" datetime NOT NULL,
  "updatedAt" datetime NOT NULL,
  PRIMARY KEY ("id")
);

-- --------------------------------------------------------
-- Dumping data for table `feedbacks`
-- --------------------------------------------------------

LOCK TABLES `feedbacks` WRITE;
/*!40000 ALTER TABLE `feedbacks` DISABLE KEYS */;

INSERT INTO `feedbacks` (`id`, `email`, `content`, `name`, `createdAt`, `updatedAt`) VALUES
  (1, 'musaakandeojo@gmail.com', 'I love this platform', NULL, 'Tue Sep 30 2025 18:50:14 GMT+0100 (West Africa Standard Time)', 'Tue Sep 30 2025 18:50:14 GMT+0100 (West Africa Standard Time)');

/*!40000 ALTER TABLE `feedbacks` ENABLE KEYS */;
UNLOCK TABLES;


-- --------------------------------------------------------
-- Table structure for table `media`
-- --------------------------------------------------------

DROP TABLE IF EXISTS `media`;
CREATE TABLE "media" (
  "id" int NOT NULL AUTO_INCREMENT,
  "url" varchar(255) NOT NULL,
  "publicId" varchar(255) NOT NULL,
  "type" varchar(255) NOT NULL,
  "title" varchar(255) DEFAULT NULL,
  "createdAt" datetime NOT NULL,
  "updatedAt" datetime NOT NULL,
  PRIMARY KEY ("id")
);

-- --------------------------------------------------------
-- Dumping data for table `media`
-- --------------------------------------------------------

LOCK TABLES `media` WRITE;
/*!40000 ALTER TABLE `media` DISABLE KEYS */;

INSERT INTO `media` (`id`, `url`, `publicId`, `type`, `title`, `createdAt`, `updatedAt`) VALUES
  (1, 'http://res.cloudinary.com/dgyovcg73/image/upload/v1759227332/link-1759227332139_suz6zk.jpg', 'link-1759227332139_suz6zk', 'image/jpeg', NULL, 'Tue Sep 30 2025 11:15:33 GMT+0100 (West Africa Standard Time)', 'Tue Sep 30 2025 11:15:33 GMT+0100 (West Africa Standard Time)'),
  (2, 'http://res.cloudinary.com/dgyovcg73/image/upload/v1759227439/link-1759227438444_syjtjg.jpg', 'link-1759227438444_syjtjg', 'image/jpeg', NULL, 'Tue Sep 30 2025 11:17:20 GMT+0100 (West Africa Standard Time)', 'Tue Sep 30 2025 11:17:20 GMT+0100 (West Africa Standard Time)'),
  (3, 'http://res.cloudinary.com/dgyovcg73/image/upload/v1759227510/link-1759227509597_h5ezp7.jpg', 'link-1759227509597_h5ezp7', 'image/jpeg', NULL, 'Tue Sep 30 2025 11:18:31 GMT+0100 (West Africa Standard Time)', 'Tue Sep 30 2025 11:18:31 GMT+0100 (West Africa Standard Time)'),
  (4, 'http://res.cloudinary.com/dgyovcg73/image/upload/v1759227606/link-1759227606105_bmmzuj.jpg', 'link-1759227606105_bmmzuj', 'image/jpeg', NULL, 'Tue Sep 30 2025 11:20:07 GMT+0100 (West Africa Standard Time)', 'Tue Sep 30 2025 11:20:07 GMT+0100 (West Africa Standard Time)'),
  (5, 'http://res.cloudinary.com/dgyovcg73/image/upload/v1759228280/link-1759228279052_jqtmu7.jpg', 'link-1759228279052_jqtmu7', 'image/jpeg', NULL, 'Tue Sep 30 2025 11:31:20 GMT+0100 (West Africa Standard Time)', 'Tue Sep 30 2025 11:31:20 GMT+0100 (West Africa Standard Time)'),
  (6, 'http://res.cloudinary.com/dgyovcg73/image/upload/v1759228432/link-1759228431668_u0gkxm.jpg', 'link-1759228431668_u0gkxm', 'image/jpeg', NULL, 'Tue Sep 30 2025 11:33:52 GMT+0100 (West Africa Standard Time)', 'Tue Sep 30 2025 11:33:52 GMT+0100 (West Africa Standard Time)'),
  (7, 'http://res.cloudinary.com/dgyovcg73/image/upload/v1759407224/link-1759407223035_marb95.png', 'link-1759407223035_marb95', 'image/png', NULL, 'Thu Oct 02 2025 13:13:45 GMT+0100 (West Africa Standard Time)', 'Thu Oct 02 2025 13:13:45 GMT+0100 (West Africa Standard Time)'),
  (8, 'http://res.cloudinary.com/dgyovcg73/image/upload/v1759413526/link-1759413525431_l5otkq.jpg', 'link-1759413525431_l5otkq', 'image/jpeg', NULL, 'Thu Oct 02 2025 14:58:46 GMT+0100 (West Africa Standard Time)', 'Thu Oct 02 2025 14:58:46 GMT+0100 (West Africa Standard Time)'),
  (9, 'http://res.cloudinary.com/dgyovcg73/image/upload/v1759415433/link-1759415432537_akiltc.jpg', 'link-1759415432537_akiltc', 'image/jpeg', NULL, 'Thu Oct 02 2025 15:30:33 GMT+0100 (West Africa Standard Time)', 'Thu Oct 02 2025 15:30:33 GMT+0100 (West Africa Standard Time)'),
  (10, 'http://res.cloudinary.com/dgyovcg73/image/upload/v1759454719/link-1759454718217_jmla1h.png', 'link-1759454718217_jmla1h', 'image/png', NULL, 'Fri Oct 03 2025 02:25:20 GMT+0100 (West Africa Standard Time)', 'Fri Oct 03 2025 02:25:20 GMT+0100 (West Africa Standard Time)'),
  (11, 'http://res.cloudinary.com/dgyovcg73/image/upload/v1759454802/link-1759454800693_mkg2o1.png', 'link-1759454800693_mkg2o1', 'image/png', NULL, 'Fri Oct 03 2025 02:26:43 GMT+0100 (West Africa Standard Time)', 'Fri Oct 03 2025 02:26:43 GMT+0100 (West Africa Standard Time)'),
  (12, 'http://res.cloudinary.com/dgyovcg73/image/upload/v1759454921/link-1759454920582_om9qr7.png', 'link-1759454920582_om9qr7', 'image/png', NULL, 'Fri Oct 03 2025 02:28:42 GMT+0100 (West Africa Standard Time)', 'Fri Oct 03 2025 02:28:42 GMT+0100 (West Africa Standard Time)'),
  (13, 'http://res.cloudinary.com/dgyovcg73/image/upload/v1759455345/link-1759455344813_iybbn7.png', 'link-1759455344813_iybbn7', 'image/png', NULL, 'Fri Oct 03 2025 02:35:46 GMT+0100 (West Africa Standard Time)', 'Fri Oct 03 2025 02:35:46 GMT+0100 (West Africa Standard Time)'),
  (14, 'http://res.cloudinary.com/dgyovcg73/image/upload/v1759455879/link-1759455878673_tktfm0.png', 'link-1759455878673_tktfm0', 'image/png', NULL, 'Fri Oct 03 2025 02:44:40 GMT+0100 (West Africa Standard Time)', 'Fri Oct 03 2025 02:44:40 GMT+0100 (West Africa Standard Time)'),
  (15, 'http://res.cloudinary.com/dgyovcg73/image/upload/v1759456171/link-1759456169649_b84nwq.png', 'link-1759456169649_b84nwq', 'image/png', NULL, 'Fri Oct 03 2025 02:49:32 GMT+0100 (West Africa Standard Time)', 'Fri Oct 03 2025 02:49:32 GMT+0100 (West Africa Standard Time)'),
  (16, 'http://res.cloudinary.com/dgyovcg73/image/upload/v1759456571/link-1759456570154_jxbmdp.png', 'link-1759456570154_jxbmdp', 'image/png', NULL, 'Fri Oct 03 2025 02:56:11 GMT+0100 (West Africa Standard Time)', 'Fri Oct 03 2025 02:56:11 GMT+0100 (West Africa Standard Time)'),
  (17, 'http://res.cloudinary.com/dgyovcg73/image/upload/v1759456898/link-1759456896947_khuokg.png', 'link-1759456896947_khuokg', 'image/png', NULL, 'Fri Oct 03 2025 03:01:39 GMT+0100 (West Africa Standard Time)', 'Fri Oct 03 2025 03:01:39 GMT+0100 (West Africa Standard Time)'),
  (18, 'http://res.cloudinary.com/dgyovcg73/image/upload/v1759644140/link-1759644139845_zgjhwg.jpg', 'link-1759644139845_zgjhwg', 'image/jpeg', NULL, 'Sun Oct 05 2025 07:02:21 GMT+0100 (West Africa Standard Time)', 'Sun Oct 05 2025 07:02:21 GMT+0100 (West Africa Standard Time)'),
  (19, 'http://res.cloudinary.com/dgyovcg73/image/upload/v1761919248/link-1761919246946_haqaor.jpg', 'link-1761919246946_haqaor', 'image/jpeg', NULL, 'Fri Oct 31 2025 15:00:49 GMT+0100 (West Africa Standard Time)', 'Fri Oct 31 2025 15:00:49 GMT+0100 (West Africa Standard Time)'),
  (20, 'http://res.cloudinary.com/dgyovcg73/image/upload/v1762914540/link-1762914538859_swy7wo.jpg', 'link-1762914538859_swy7wo', 'image/jpeg', NULL, 'Wed Nov 12 2025 03:29:00 GMT+0100 (West Africa Standard Time)', 'Wed Nov 12 2025 03:29:00 GMT+0100 (West Africa Standard Time)'),
  (21, 'http://res.cloudinary.com/dgyovcg73/image/upload/v1762914848/link-1762914847561_d3bkkr.jpg', 'link-1762914847561_d3bkkr', 'image/jpeg', NULL, 'Wed Nov 12 2025 03:34:09 GMT+0100 (West Africa Standard Time)', 'Wed Nov 12 2025 03:34:09 GMT+0100 (West Africa Standard Time)'),
  (22, 'http://res.cloudinary.com/dgyovcg73/image/upload/v1762915005/link-1762915004921_j8mayb.jpg', 'link-1762915004921_j8mayb', 'image/jpeg', NULL, 'Wed Nov 12 2025 03:36:46 GMT+0100 (West Africa Standard Time)', 'Wed Nov 12 2025 03:36:46 GMT+0100 (West Africa Standard Time)'),
  (23, 'http://res.cloudinary.com/dgyovcg73/image/upload/v1762915448/link-1762915447253_aqsuif.jpg', 'link-1762915447253_aqsuif', 'image/jpeg', NULL, 'Wed Nov 12 2025 03:44:09 GMT+0100 (West Africa Standard Time)', 'Wed Nov 12 2025 03:44:09 GMT+0100 (West Africa Standard Time)'),
  (24, 'http://res.cloudinary.com/dgyovcg73/image/upload/v1762915716/link-1762915715556_o3bik6.jpg', 'link-1762915715556_o3bik6', 'image/jpeg', NULL, 'Wed Nov 12 2025 03:48:37 GMT+0100 (West Africa Standard Time)', 'Wed Nov 12 2025 03:48:37 GMT+0100 (West Africa Standard Time)'),
  (25, 'http://res.cloudinary.com/dgyovcg73/image/upload/v1763531236/link-1763531236099_zc5fit.jpg', 'link-1763531236099_zc5fit', 'image/jpeg', NULL, 'Wed Nov 19 2025 06:47:17 GMT+0100 (West Africa Standard Time)', 'Wed Nov 19 2025 06:47:17 GMT+0100 (West Africa Standard Time)'),
  (26, 'http://res.cloudinary.com/dgyovcg73/image/upload/v1763533987/link-1763533986477_ur8ilj.jpg', 'link-1763533986477_ur8ilj', 'image/jpeg', NULL, 'Wed Nov 19 2025 07:33:07 GMT+0100 (West Africa Standard Time)', 'Wed Nov 19 2025 07:33:07 GMT+0100 (West Africa Standard Time)'),
  (27, 'http://res.cloudinary.com/dgyovcg73/image/upload/v1763534075/link-1763534075246_rbqj9i.jpg', 'link-1763534075246_rbqj9i', 'image/jpeg', NULL, 'Wed Nov 19 2025 07:34:36 GMT+0100 (West Africa Standard Time)', 'Wed Nov 19 2025 07:34:36 GMT+0100 (West Africa Standard Time)'),
  (28, 'http://res.cloudinary.com/dgyovcg73/image/upload/v1763534134/link-1763534134029_cejqby.jpg', 'link-1763534134029_cejqby', 'image/jpeg', NULL, 'Wed Nov 19 2025 07:35:35 GMT+0100 (West Africa Standard Time)', 'Wed Nov 19 2025 07:35:35 GMT+0100 (West Africa Standard Time)'),
  (29, 'http://res.cloudinary.com/dgyovcg73/image/upload/v1763550017/link-1763550015677_yrjljs.jpg', 'link-1763550015677_yrjljs', 'image/jpeg', NULL, 'Wed Nov 19 2025 12:00:17 GMT+0100 (West Africa Standard Time)', 'Wed Nov 19 2025 12:00:17 GMT+0100 (West Africa Standard Time)'),
  (30, 'http://res.cloudinary.com/dgyovcg73/image/upload/v1763550057/link-1763550055450_eowl1a.jpg', 'link-1763550055450_eowl1a', 'image/jpeg', NULL, 'Wed Nov 19 2025 12:00:59 GMT+0100 (West Africa Standard Time)', 'Wed Nov 19 2025 12:00:59 GMT+0100 (West Africa Standard Time)'),
  (31, 'http://res.cloudinary.com/dgyovcg73/image/upload/v1763554515/link-1763554503889_xz961j.jpg', 'link-1763554503889_xz961j', 'image/jpeg', NULL, 'Wed Nov 19 2025 13:15:16 GMT+0100 (West Africa Standard Time)', 'Wed Nov 19 2025 13:15:16 GMT+0100 (West Africa Standard Time)'),
  (32, 'http://res.cloudinary.com/dgyovcg73/image/upload/v1763753059/link-1763753057709_hlkjkx.jpg', 'link-1763753057709_hlkjkx', 'image/jpeg', NULL, 'Fri Nov 21 2025 20:24:19 GMT+0100 (West Africa Standard Time)', 'Fri Nov 21 2025 20:24:19 GMT+0100 (West Africa Standard Time)'),
  (33, 'http://res.cloudinary.com/dgyovcg73/image/upload/v1763753069/link-1763753067568_qxrkeh.jpg', 'link-1763753067568_qxrkeh', 'image/jpeg', NULL, 'Fri Nov 21 2025 20:24:29 GMT+0100 (West Africa Standard Time)', 'Fri Nov 21 2025 20:24:29 GMT+0100 (West Africa Standard Time)'),
  (34, 'http://res.cloudinary.com/dgyovcg73/image/upload/v1764474525/link-1764474524137_u6buqr.jpg', 'link-1764474524137_u6buqr', 'image/jpeg', NULL, 'Sun Nov 30 2025 04:48:46 GMT+0100 (West Africa Standard Time)', 'Sun Nov 30 2025 04:48:46 GMT+0100 (West Africa Standard Time)'),
  (35, 'http://res.cloudinary.com/dgyovcg73/image/upload/v1764474860/link-1764474858574_a0pvcx.jpg', 'link-1764474858574_a0pvcx', 'image/jpeg', NULL, 'Sun Nov 30 2025 04:54:20 GMT+0100 (West Africa Standard Time)', 'Sun Nov 30 2025 04:54:20 GMT+0100 (West Africa Standard Time)'),
  (36, 'http://res.cloudinary.com/dgyovcg73/image/upload/v1764475168/link-1764475167110_cypqor.jpg', 'link-1764475167110_cypqor', 'image/jpeg', NULL, 'Sun Nov 30 2025 04:59:29 GMT+0100 (West Africa Standard Time)', 'Sun Nov 30 2025 04:59:29 GMT+0100 (West Africa Standard Time)'),
  (37, 'http://res.cloudinary.com/dgyovcg73/image/upload/v1764475439/link-1764475438110_kxbrta.jpg', 'link-1764475438110_kxbrta', 'image/jpeg', NULL, 'Sun Nov 30 2025 05:03:59 GMT+0100 (West Africa Standard Time)', 'Sun Nov 30 2025 05:03:59 GMT+0100 (West Africa Standard Time)'),
  (38, 'http://res.cloudinary.com/dgyovcg73/image/upload/v1764475608/link-1764475606890_oc1eri.jpg', 'link-1764475606890_oc1eri', 'image/jpeg', NULL, 'Sun Nov 30 2025 05:06:48 GMT+0100 (West Africa Standard Time)', 'Sun Nov 30 2025 05:06:48 GMT+0100 (West Africa Standard Time)'),
  (39, 'http://res.cloudinary.com/dgyovcg73/image/upload/v1764475964/link-1764475963308_bvuyd3.jpg', 'link-1764475963308_bvuyd3', 'image/jpeg', NULL, 'Sun Nov 30 2025 05:12:45 GMT+0100 (West Africa Standard Time)', 'Sun Nov 30 2025 05:12:45 GMT+0100 (West Africa Standard Time)'),
  (40, 'http://res.cloudinary.com/dgyovcg73/image/upload/v1764476306/link-1764476305026_wn2lcp.jpg', 'link-1764476305026_wn2lcp', 'image/jpeg', NULL, 'Sun Nov 30 2025 05:18:27 GMT+0100 (West Africa Standard Time)', 'Sun Nov 30 2025 05:18:27 GMT+0100 (West Africa Standard Time)'),
  (41, 'http://res.cloudinary.com/dgyovcg73/image/upload/v1764476410/link-1764476409335_sztocs.jpg', 'link-1764476409335_sztocs', 'image/jpeg', NULL, 'Sun Nov 30 2025 05:20:11 GMT+0100 (West Africa Standard Time)', 'Sun Nov 30 2025 05:20:11 GMT+0100 (West Africa Standard Time)'),
  (42, 'http://res.cloudinary.com/dgyovcg73/image/upload/v1764476502/link-1764476500911_bgp6xo.jpg', 'link-1764476500911_bgp6xo', 'image/jpeg', NULL, 'Sun Nov 30 2025 05:21:42 GMT+0100 (West Africa Standard Time)', 'Sun Nov 30 2025 05:21:42 GMT+0100 (West Africa Standard Time)'),
  (43, 'http://res.cloudinary.com/dgyovcg73/image/upload/v1764476597/link-1764476595901_sut6bk.jpg', 'link-1764476595901_sut6bk', 'image/jpeg', NULL, 'Sun Nov 30 2025 05:23:17 GMT+0100 (West Africa Standard Time)', 'Sun Nov 30 2025 05:23:17 GMT+0100 (West Africa Standard Time)'),
  (44, 'http://res.cloudinary.com/dgyovcg73/image/upload/v1764476818/link-1764476816962_ksvelf.jpg', 'link-1764476816962_ksvelf', 'image/jpeg', NULL, 'Sun Nov 30 2025 05:26:59 GMT+0100 (West Africa Standard Time)', 'Sun Nov 30 2025 05:26:59 GMT+0100 (West Africa Standard Time)'),
  (45, 'http://res.cloudinary.com/dgyovcg73/image/upload/v1764477139/link-1764477137962_qc93fl.jpg', 'link-1764477137962_qc93fl', 'image/jpeg', NULL, 'Sun Nov 30 2025 05:32:21 GMT+0100 (West Africa Standard Time)', 'Sun Nov 30 2025 05:32:21 GMT+0100 (West Africa Standard Time)'),
  (46, 'http://res.cloudinary.com/dgyovcg73/image/upload/v1764477279/link-1764477277132_z1vlb3.jpg', 'link-1764477277132_z1vlb3', 'image/jpeg', NULL, 'Sun Nov 30 2025 05:34:40 GMT+0100 (West Africa Standard Time)', 'Sun Nov 30 2025 05:34:40 GMT+0100 (West Africa Standard Time)'),
  (47, 'http://res.cloudinary.com/dgyovcg73/image/upload/v1764478101/link-1764478100120_mjlvtq.jpg', 'link-1764478100120_mjlvtq', 'image/jpeg', NULL, 'Sun Nov 30 2025 05:48:22 GMT+0100 (West Africa Standard Time)', 'Sun Nov 30 2025 05:48:22 GMT+0100 (West Africa Standard Time)'),
  (48, 'http://res.cloudinary.com/dgyovcg73/image/upload/v1765173600/link-1765173599640_uklun1.jpg', 'link-1765173599640_uklun1', 'image/jpeg', NULL, 'Mon Dec 08 2025 07:00:00 GMT+0100 (West Africa Standard Time)', 'Mon Dec 08 2025 07:00:00 GMT+0100 (West Africa Standard Time)'),
  (49, 'http://res.cloudinary.com/dgyovcg73/image/upload/v1765174158/link-1765174157516_rvpuyd.jpg', 'link-1765174157516_rvpuyd', 'image/jpeg', NULL, 'Mon Dec 08 2025 07:09:19 GMT+0100 (West Africa Standard Time)', 'Mon Dec 08 2025 07:09:19 GMT+0100 (West Africa Standard Time)'),
  (50, 'http://res.cloudinary.com/dgyovcg73/image/upload/v1765174503/link-1765174502129_cumif5.jpg', 'link-1765174502129_cumif5', 'image/jpeg', NULL, 'Mon Dec 08 2025 07:15:03 GMT+0100 (West Africa Standard Time)', 'Mon Dec 08 2025 07:15:03 GMT+0100 (West Africa Standard Time)'),
  (51, 'http://res.cloudinary.com/dgyovcg73/image/upload/v1765174750/link-1765174749685_j3fqgj.jpg', 'link-1765174749685_j3fqgj', 'image/jpeg', NULL, 'Mon Dec 08 2025 07:19:11 GMT+0100 (West Africa Standard Time)', 'Mon Dec 08 2025 07:19:11 GMT+0100 (West Africa Standard Time)'),
  (52, 'http://res.cloudinary.com/dgyovcg73/image/upload/v1765175035/link-1765175034622_rvf5xa.jpg', 'link-1765175034622_rvf5xa', 'image/jpeg', NULL, 'Mon Dec 08 2025 07:23:56 GMT+0100 (West Africa Standard Time)', 'Mon Dec 08 2025 07:23:56 GMT+0100 (West Africa Standard Time)'),
  (53, 'http://res.cloudinary.com/dgyovcg73/image/upload/v1765175061/link-1765175061182_tgukrp.jpg', 'link-1765175061182_tgukrp', 'image/jpeg', NULL, 'Mon Dec 08 2025 07:24:22 GMT+0100 (West Africa Standard Time)', 'Mon Dec 08 2025 07:24:22 GMT+0100 (West Africa Standard Time)'),
  (54, 'http://res.cloudinary.com/dgyovcg73/image/upload/v1765175451/link-1765175451595_pr9wco.jpg', 'link-1765175451595_pr9wco', 'image/jpeg', NULL, 'Mon Dec 08 2025 07:30:52 GMT+0100 (West Africa Standard Time)', 'Mon Dec 08 2025 07:30:52 GMT+0100 (West Africa Standard Time)'),
  (55, 'http://res.cloudinary.com/dgyovcg73/image/upload/v1765175657/link-1765175656827_utjgv3.jpg', 'link-1765175656827_utjgv3', 'image/jpeg', NULL, 'Mon Dec 08 2025 07:34:17 GMT+0100 (West Africa Standard Time)', 'Mon Dec 08 2025 07:34:17 GMT+0100 (West Africa Standard Time)'),
  (56, 'http://res.cloudinary.com/dgyovcg73/image/upload/v1765175840/link-1765175839654_h418ip.jpg', 'link-1765175839654_h418ip', 'image/jpeg', NULL, 'Mon Dec 08 2025 07:37:20 GMT+0100 (West Africa Standard Time)', 'Mon Dec 08 2025 07:37:20 GMT+0100 (West Africa Standard Time)'),
  (57, 'http://res.cloudinary.com/dgyovcg73/image/upload/v1765175951/link-1765175950406_jovdxk.jpg', 'link-1765175950406_jovdxk', 'image/jpeg', NULL, 'Mon Dec 08 2025 07:39:11 GMT+0100 (West Africa Standard Time)', 'Mon Dec 08 2025 07:39:11 GMT+0100 (West Africa Standard Time)'),
  (58, 'http://res.cloudinary.com/dgyovcg73/image/upload/v1765176163/link-1765176162451_uh3zdp.jpg', 'link-1765176162451_uh3zdp', 'image/jpeg', NULL, 'Mon Dec 08 2025 07:42:44 GMT+0100 (West Africa Standard Time)', 'Mon Dec 08 2025 07:42:44 GMT+0100 (West Africa Standard Time)'),
  (59, 'http://res.cloudinary.com/dgyovcg73/image/upload/v1765176179/link-1765176178527_v3m5k9.jpg', 'link-1765176178527_v3m5k9', 'image/jpeg', NULL, 'Mon Dec 08 2025 07:42:59 GMT+0100 (West Africa Standard Time)', 'Mon Dec 08 2025 07:42:59 GMT+0100 (West Africa Standard Time)'),
  (60, 'http://res.cloudinary.com/dgyovcg73/image/upload/v1765176343/link-1765176342897_pvgjw1.jpg', 'link-1765176342897_pvgjw1', 'image/jpeg', NULL, 'Mon Dec 08 2025 07:45:43 GMT+0100 (West Africa Standard Time)', 'Mon Dec 08 2025 07:45:43 GMT+0100 (West Africa Standard Time)'),
  (61, 'http://res.cloudinary.com/dgyovcg73/image/upload/v1765176554/link-1765176553314_hnhsxt.jpg', 'link-1765176553314_hnhsxt', 'image/jpeg', NULL, 'Mon Dec 08 2025 07:49:14 GMT+0100 (West Africa Standard Time)', 'Mon Dec 08 2025 07:49:14 GMT+0100 (West Africa Standard Time)'),
  (62, 'http://res.cloudinary.com/dgyovcg73/image/upload/v1765176572/link-1765176571848_hx8aqr.jpg', 'link-1765176571848_hx8aqr', 'image/jpeg', NULL, 'Mon Dec 08 2025 07:49:33 GMT+0100 (West Africa Standard Time)', 'Mon Dec 08 2025 07:49:33 GMT+0100 (West Africa Standard Time)'),
  (63, 'http://res.cloudinary.com/dgyovcg73/image/upload/v1765176764/link-1765176763787_wgjpbf.jpg', 'link-1765176763787_wgjpbf', 'image/jpeg', NULL, 'Mon Dec 08 2025 07:52:44 GMT+0100 (West Africa Standard Time)', 'Mon Dec 08 2025 07:52:44 GMT+0100 (West Africa Standard Time)'),
  (64, 'http://res.cloudinary.com/dgyovcg73/image/upload/v1765176787/link-1765176786802_lr687t.jpg', 'link-1765176786802_lr687t', 'image/jpeg', NULL, 'Mon Dec 08 2025 07:53:07 GMT+0100 (West Africa Standard Time)', 'Mon Dec 08 2025 07:53:07 GMT+0100 (West Africa Standard Time)'),
  (65, 'http://res.cloudinary.com/dgyovcg73/image/upload/v1765176980/link-1765176980413_avaf5r.jpg', 'link-1765176980413_avaf5r', 'image/jpeg', NULL, 'Mon Dec 08 2025 07:56:21 GMT+0100 (West Africa Standard Time)', 'Mon Dec 08 2025 07:56:21 GMT+0100 (West Africa Standard Time)'),
  (66, 'http://res.cloudinary.com/dgyovcg73/image/upload/v1765177222/link-1765177221030_hiizgr.jpg', 'link-1765177221030_hiizgr', 'image/jpeg', NULL, 'Mon Dec 08 2025 08:00:22 GMT+0100 (West Africa Standard Time)', 'Mon Dec 08 2025 08:00:22 GMT+0100 (West Africa Standard Time)'),
  (67, 'http://res.cloudinary.com/dgyovcg73/image/upload/v1765177468/link-1765177468400_ap0ozw.jpg', 'link-1765177468400_ap0ozw', 'image/jpeg', NULL, 'Mon Dec 08 2025 08:04:29 GMT+0100 (West Africa Standard Time)', 'Mon Dec 08 2025 08:04:29 GMT+0100 (West Africa Standard Time)'),
  (68, 'http://res.cloudinary.com/dgyovcg73/image/upload/v1765177710/link-1765177709219_q9wuwg.png', 'link-1765177709219_q9wuwg', 'image/png', NULL, 'Mon Dec 08 2025 08:08:31 GMT+0100 (West Africa Standard Time)', 'Mon Dec 08 2025 08:08:31 GMT+0100 (West Africa Standard Time)'),
  (69, 'http://res.cloudinary.com/dgyovcg73/image/upload/v1765177922/link-1765177922269_p9sx4f.jpg', 'link-1765177922269_p9sx4f', 'image/jpeg', NULL, 'Mon Dec 08 2025 08:12:03 GMT+0100 (West Africa Standard Time)', 'Mon Dec 08 2025 08:12:03 GMT+0100 (West Africa Standard Time)');

/*!40000 ALTER TABLE `media` ENABLE KEYS */;
UNLOCK TABLES;


-- --------------------------------------------------------
-- Table structure for table `message_templates`
-- --------------------------------------------------------

DROP TABLE IF EXISTS `message_templates`;
CREATE TABLE "message_templates" (
  "id" int NOT NULL AUTO_INCREMENT,
  "title" varchar(255) NOT NULL,
  "description" varchar(255) NOT NULL,
  "smsSubject" varchar(255) NOT NULL,
  "emailSubject" varchar(255) NOT NULL,
  "smsBody" varchar(255) NOT NULL,
  "emailBody" varchar(255) NOT NULL,
  "type" enum('user','admin') NOT NULL DEFAULT 'admin',
  "createdAt" datetime NOT NULL,
  "updatedAt" datetime NOT NULL,
  PRIMARY KEY ("id")
);

-- --------------------------------------------------------
-- Dumping data for table `message_templates`
-- --------------------------------------------------------

LOCK TABLES `message_templates` WRITE;
/*!40000 ALTER TABLE `message_templates` DISABLE KEYS */;

INSERT INTO `message_templates` (`id`, `title`, `description`, `smsSubject`, `emailSubject`, `smsBody`, `emailBody`, `type`, `createdAt`, `updatedAt`) VALUES
  (1, 'Welcome_Email', 'Welcome email to new users', 'Welcome to the platform', 'Welcome to the platform', 'Hello {{firstName}}, welcome to the platform', 'Hello {{firstName}}, welcome to the platform', 'admin', 'Tue Sep 30 2025 07:50:01 GMT+0100 (West Africa Standard Time)', 'Tue Sep 30 2025 07:50:01 GMT+0100 (West Africa Standard Time)'),
  (2, 'Reset_Password', 'Reset password message', 'Reset Password', 'Reset Password', 'Dear {{firstName}}, To reset your password, click on this link: http://localhost:3000/reset-password?token={{token}} If you did not request any password resets, then ignore this email.', 'Dear {{firstName}}, To reset your password, click on this link: http://localhost:3000/reset-password?token={{token}} If you did not request any password resets, then ignore this email.', 'admin', 'Tue Sep 30 2025 07:50:01 GMT+0100 (West Africa Standard Time)', 'Tue Sep 30 2025 07:50:01 GMT+0100 (West Africa Standard Time)'),
  (3, 'Order_Confirmation', 'Order confirmation message', 'Order Confirmation', 'Order Confirmation', 'Dear {{firstName}}, You have successfully placed an order on fodusstore. Your order number is {{orderId}}. Thanks for your patronage.', 'Dear {{firstName}}, You have successfully placed an order on fodusstore. Your order number is {{orderId}}. Thanks for your patronage.', 'admin', 'Tue Sep 30 2025 07:50:01 GMT+0100 (West Africa Standard Time)', 'Tue Sep 30 2025 07:50:01 GMT+0100 (West Africa Standard Time)'),
  (4, 'Test_Invitation', 'Test invitation message', 'Test Invitation', 'Test Invitation', 'Dear {{firstName}}, You have been invited to take a test. Your password is "password1". Click on this link to take the test: http://localhost:3000/take-test?code={{code}}', 'Dear {{firstName}}, You have been invited to take a test. Your password is "password1". Click on this link to take the test: http://localhost:3000/take-test?code={{code}}', 'admin', 'Tue Sep 30 2025 07:50:01 GMT+0100 (West Africa Standard Time)', 'Tue Sep 30 2025 07:50:01 GMT+0100 (West Africa Standard Time)');

/*!40000 ALTER TABLE `message_templates` ENABLE KEYS */;
UNLOCK TABLES;


-- --------------------------------------------------------
-- Table structure for table `message_variable`
-- --------------------------------------------------------

DROP TABLE IF EXISTS `message_variable`;
CREATE TABLE "message_variable" (
  "createdAt" datetime NOT NULL,
  "updatedAt" datetime NOT NULL,
  "messageTemplateId" int NOT NULL,
  "variableId" int NOT NULL,
  PRIMARY KEY ("messageTemplateId","variableId"),
  KEY "variableId" ("variableId"),
  CONSTRAINT "message_variable_ibfk_1" FOREIGN KEY ("messageTemplateId") REFERENCES "message_templates" ("id") ON DELETE CASCADE ON UPDATE CASCADE,
  CONSTRAINT "message_variable_ibfk_2" FOREIGN KEY ("variableId") REFERENCES "variables" ("id") ON DELETE CASCADE ON UPDATE CASCADE
);

-- --------------------------------------------------------
-- Dumping data for table `message_variable`
-- --------------------------------------------------------

LOCK TABLES `message_variable` WRITE;
/*!40000 ALTER TABLE `message_variable` DISABLE KEYS */;

INSERT INTO `message_variable` (`createdAt`, `updatedAt`, `messageTemplateId`, `variableId`) VALUES
  ('Tue Sep 30 2025 07:50:02 GMT+0100 (West Africa Standard Time)', 'Tue Sep 30 2025 07:50:02 GMT+0100 (West Africa Standard Time)', 1, 2),
  ('Tue Sep 30 2025 07:50:02 GMT+0100 (West Africa Standard Time)', 'Tue Sep 30 2025 07:50:02 GMT+0100 (West Africa Standard Time)', 2, 2),
  ('Tue Sep 30 2025 07:50:02 GMT+0100 (West Africa Standard Time)', 'Tue Sep 30 2025 07:50:02 GMT+0100 (West Africa Standard Time)', 2, 3),
  ('Tue Sep 30 2025 07:50:03 GMT+0100 (West Africa Standard Time)', 'Tue Sep 30 2025 07:50:03 GMT+0100 (West Africa Standard Time)', 3, 2),
  ('Tue Sep 30 2025 07:50:03 GMT+0100 (West Africa Standard Time)', 'Tue Sep 30 2025 07:50:03 GMT+0100 (West Africa Standard Time)', 3, 4),
  ('Tue Sep 30 2025 07:50:02 GMT+0100 (West Africa Standard Time)', 'Tue Sep 30 2025 07:50:02 GMT+0100 (West Africa Standard Time)', 4, 2),
  ('Tue Sep 30 2025 07:50:02 GMT+0100 (West Africa Standard Time)', 'Tue Sep 30 2025 07:50:02 GMT+0100 (West Africa Standard Time)', 4, 4);

/*!40000 ALTER TABLE `message_variable` ENABLE KEYS */;
UNLOCK TABLES;


-- --------------------------------------------------------
-- Table structure for table `orderProducts`
-- --------------------------------------------------------

DROP TABLE IF EXISTS `orderProducts`;
CREATE TABLE "orderProducts" (
  "id" int NOT NULL AUTO_INCREMENT,
  "quantity" int DEFAULT NULL,
  "createdAt" datetime NOT NULL,
  "updatedAt" datetime NOT NULL,
  "orderId" int DEFAULT NULL,
  "productId" int DEFAULT NULL,
  PRIMARY KEY ("id"),
  KEY "orderId" ("orderId"),
  KEY "productId" ("productId"),
  CONSTRAINT "orderProducts_ibfk_25" FOREIGN KEY ("orderId") REFERENCES "orders" ("id") ON DELETE SET NULL ON UPDATE CASCADE,
  CONSTRAINT "orderProducts_ibfk_26" FOREIGN KEY ("productId") REFERENCES "products" ("id") ON DELETE SET NULL ON UPDATE CASCADE
);

-- --------------------------------------------------------
-- Dumping data for table `orderProducts`
-- --------------------------------------------------------

LOCK TABLES `orderProducts` WRITE;
/*!40000 ALTER TABLE `orderProducts` DISABLE KEYS */;

INSERT INTO `orderProducts` (`id`, `quantity`, `createdAt`, `updatedAt`, `orderId`, `productId`) VALUES
  (1, 1, 'Tue Sep 30 2025 11:48:38 GMT+0100 (West Africa Standard Time)', 'Tue Sep 30 2025 11:48:38 GMT+0100 (West Africa Standard Time)', 1, 1),
  (2, 1, 'Tue Sep 30 2025 17:01:20 GMT+0100 (West Africa Standard Time)', 'Tue Sep 30 2025 17:01:20 GMT+0100 (West Africa Standard Time)', NULL, 2),
  (3, 2, 'Tue Sep 30 2025 17:01:20 GMT+0100 (West Africa Standard Time)', 'Tue Sep 30 2025 17:01:20 GMT+0100 (West Africa Standard Time)', NULL, 1),
  (4, 2, 'Mon Oct 06 2025 17:21:51 GMT+0100 (West Africa Standard Time)', 'Mon Oct 06 2025 17:21:51 GMT+0100 (West Africa Standard Time)', 3, 6),
  (5, 1, 'Mon Oct 06 2025 17:24:18 GMT+0100 (West Africa Standard Time)', 'Mon Oct 06 2025 17:24:18 GMT+0100 (West Africa Standard Time)', 4, 10),
  (6, 1, 'Mon Oct 06 2025 17:28:03 GMT+0100 (West Africa Standard Time)', 'Mon Oct 06 2025 17:28:03 GMT+0100 (West Africa Standard Time)', 5, 10),
  (7, 1, 'Tue Oct 07 2025 06:09:19 GMT+0100 (West Africa Standard Time)', 'Tue Oct 07 2025 06:09:19 GMT+0100 (West Africa Standard Time)', 6, 10),
  (8, 1, 'Tue Oct 07 2025 06:10:32 GMT+0100 (West Africa Standard Time)', 'Tue Oct 07 2025 06:10:32 GMT+0100 (West Africa Standard Time)', 7, 10),
  (9, 1, 'Tue Oct 07 2025 07:00:28 GMT+0100 (West Africa Standard Time)', 'Tue Oct 07 2025 07:00:28 GMT+0100 (West Africa Standard Time)', 8, 10),
  (10, 1, 'Tue Oct 07 2025 07:08:43 GMT+0100 (West Africa Standard Time)', 'Tue Oct 07 2025 07:08:43 GMT+0100 (West Africa Standard Time)', 9, 10),
  (11, 1, 'Tue Oct 07 2025 07:17:28 GMT+0100 (West Africa Standard Time)', 'Tue Oct 07 2025 07:17:28 GMT+0100 (West Africa Standard Time)', 10, 10),
  (12, 1, 'Tue Oct 07 2025 13:57:44 GMT+0100 (West Africa Standard Time)', 'Tue Oct 07 2025 13:57:44 GMT+0100 (West Africa Standard Time)', 11, 10),
  (13, 1, 'Tue Oct 07 2025 13:58:31 GMT+0100 (West Africa Standard Time)', 'Tue Oct 07 2025 13:58:31 GMT+0100 (West Africa Standard Time)', 12, 10),
  (14, 1, 'Tue Oct 07 2025 19:19:08 GMT+0100 (West Africa Standard Time)', 'Tue Oct 07 2025 19:19:08 GMT+0100 (West Africa Standard Time)', 13, 10),
  (15, 1, 'Wed Oct 08 2025 17:44:28 GMT+0100 (West Africa Standard Time)', 'Wed Oct 08 2025 17:44:28 GMT+0100 (West Africa Standard Time)', 14, 3),
  (16, 2, 'Mon Oct 13 2025 13:02:13 GMT+0100 (West Africa Standard Time)', 'Mon Oct 13 2025 13:02:13 GMT+0100 (West Africa Standard Time)', 15, 10),
  (17, 2, 'Mon Oct 13 2025 13:02:33 GMT+0100 (West Africa Standard Time)', 'Mon Oct 13 2025 13:02:33 GMT+0100 (West Africa Standard Time)', 16, 10),
  (18, 1, 'Mon Oct 13 2025 13:42:11 GMT+0100 (West Africa Standard Time)', 'Mon Oct 13 2025 13:42:11 GMT+0100 (West Africa Standard Time)', 17, 7),
  (19, 1, 'Mon Oct 13 2025 14:34:37 GMT+0100 (West Africa Standard Time)', 'Mon Oct 13 2025 14:34:37 GMT+0100 (West Africa Standard Time)', 18, 7),
  (20, 1, 'Sat Nov 01 2025 04:32:58 GMT+0100 (West Africa Standard Time)', 'Sat Nov 01 2025 04:32:58 GMT+0100 (West Africa Standard Time)', 19, 12),
  (21, 1, 'Mon Dec 08 2025 11:12:51 GMT+0100 (West Africa Standard Time)', 'Mon Dec 08 2025 11:12:51 GMT+0100 (West Africa Standard Time)', 20, 51),
  (22, 1, 'Mon Dec 08 2025 11:12:51 GMT+0100 (West Africa Standard Time)', 'Mon Dec 08 2025 11:12:51 GMT+0100 (West Africa Standard Time)', 20, 46),
  (23, 1, 'Mon Dec 08 2025 11:12:51 GMT+0100 (West Africa Standard Time)', 'Mon Dec 08 2025 11:12:51 GMT+0100 (West Africa Standard Time)', 20, 49);

/*!40000 ALTER TABLE `orderProducts` ENABLE KEYS */;
UNLOCK TABLES;


-- --------------------------------------------------------
-- Table structure for table `orders`
-- --------------------------------------------------------

DROP TABLE IF EXISTS `orders`;
CREATE TABLE "orders" (
  "id" int NOT NULL AUTO_INCREMENT,
  "amount" int DEFAULT NULL,
  "deliveryAddress" varchar(255) DEFAULT NULL,
  "reference" varchar(255) DEFAULT NULL,
  "isDelivered" tinyint(1) DEFAULT '0',
  "deliveryNoteTracker" varchar(255) DEFAULT NULL,
  "firstName" varchar(255) DEFAULT NULL,
  "lastName" varchar(255) DEFAULT NULL,
  "email" varchar(255) DEFAULT NULL,
  "phoneNumber" varchar(255) DEFAULT NULL,
  "postCode" varchar(255) DEFAULT NULL,
  "townOrCity" varchar(255) DEFAULT NULL,
  "state" varchar(255) DEFAULT NULL,
  "country" varchar(255) DEFAULT NULL,
  "payment_intent_id" varchar(255) DEFAULT NULL,
  "createdAt" datetime NOT NULL,
  "updatedAt" datetime NOT NULL,
  "order_notes" text,
  PRIMARY KEY ("id")
);

-- --------------------------------------------------------
-- Dumping data for table `orders`
-- --------------------------------------------------------

LOCK TABLES `orders` WRITE;
/*!40000 ALTER TABLE `orders` DISABLE KEYS */;

INSERT INTO `orders` (`id`, `amount`, `deliveryAddress`, `reference`, `isDelivered`, `deliveryNoteTracker`, `firstName`, `lastName`, `email`, `phoneNumber`, `postCode`, `townOrCity`, `state`, `country`, `payment_intent_id`, `createdAt`, `updatedAt`, `order_notes`) VALUES
  (1, 50, '52 Shitta Street, Lagos, Nigeria', 'aea6c47be8', 0, NULL, 'Musa', 'Ojo', 'musaakandeojo@gmail.com', '+44 7939872679', NULL, NULL, NULL, NULL, 'pi_3SD16oCX6P50X2aZ0nkqrP6v', 'Tue Sep 30 2025 11:48:38 GMT+0100 (West Africa Standard Time)', 'Tue Sep 30 2025 11:48:38 GMT+0100 (West Africa Standard Time)', NULL),
  (3, 60, '52 Shitta Street, Lagos, Nigeria', '66808227cf', 0, NULL, 'Musa', 'Ojo', 'musaakandeojo@gmail.com', '+44 23480319842', '102213', NULL, 'Lagos', NULL, NULL, 'Mon Oct 06 2025 17:21:51 GMT+0100 (West Africa Standard Time)', 'Mon Oct 06 2025 17:21:51 GMT+0100 (West Africa Standard Time)', NULL),
  (4, 53, '52 Shitta Street, Lagos, Nigeria', '71d9e5d8a9', 0, NULL, 'Musa', 'Ojo', 'musaakandeojo@gmail.com', '+44 23480319842', '102213', NULL, 'Lagos', NULL, NULL, 'Mon Oct 06 2025 17:24:17 GMT+0100 (West Africa Standard Time)', 'Mon Oct 06 2025 17:24:17 GMT+0100 (West Africa Standard Time)', NULL),
  (5, 53, '52, Shitta street.Dopemu,Agege.Lagos state.', '25d855e76d', 0, NULL, 'John', 'Doe', 'admin@example.com', '12345678', '123478', NULL, 'Lagos', NULL, NULL, 'Mon Oct 06 2025 17:28:03 GMT+0100 (West Africa Standard Time)', 'Mon Oct 06 2025 17:28:03 GMT+0100 (West Africa Standard Time)', NULL),
  (6, 53, '52, Shitta street.Dopemu,Agege.Lagos state.', 'd7ce357492', 0, NULL, 'John', 'Doe', 'admin@example.com', '12345678', '123478', NULL, 'Lagos', NULL, NULL, 'Tue Oct 07 2025 06:09:19 GMT+0100 (West Africa Standard Time)', 'Tue Oct 07 2025 06:09:19 GMT+0100 (West Africa Standard Time)', NULL),
  (7, 53, '52, Shitta street.Dopemu,Agege.Lagos state.', '08d1e76bdf', 0, NULL, 'John', 'Doe', 'admin@example.com', '12345678', '123478', NULL, 'Lagos', NULL, NULL, 'Tue Oct 07 2025 06:10:31 GMT+0100 (West Africa Standard Time)', 'Tue Oct 07 2025 06:10:31 GMT+0100 (West Africa Standard Time)', NULL),
  (8, 78, '52 Shitta Street, Lagos, Nigeria', 'ec244faf01', 0, NULL, 'Musa', 'Ojo', 'musaakandeojo@gmail.com', '+44 2348031934', '102213', NULL, 'Lagos', NULL, NULL, 'Tue Oct 07 2025 07:00:28 GMT+0100 (West Africa Standard Time)', 'Tue Oct 07 2025 07:00:28 GMT+0100 (West Africa Standard Time)', NULL),
  (9, 78, '52 Shitta Street, Lagos, Nigeria', 'e26ff15069', 0, NULL, 'Musa', 'Ojo', 'musaakandeojo@gmail.com', '+44 2348031934', '102213', NULL, 'Lagos', NULL, NULL, 'Tue Oct 07 2025 07:08:42 GMT+0100 (West Africa Standard Time)', 'Tue Oct 07 2025 07:08:42 GMT+0100 (West Africa Standard Time)', NULL),
  (10, 78, '52, Shitta street.Dopemu,Agege.Lagos state.', '632ab2b357', 0, NULL, 'John', 'Doe', 'musaakandeojo@gmail.com', '12345678', '123478', NULL, 'Lagos', NULL, NULL, 'Tue Oct 07 2025 07:17:28 GMT+0100 (West Africa Standard Time)', 'Tue Oct 07 2025 07:17:28 GMT+0100 (West Africa Standard Time)', NULL),
  (11, 78, '52, Shitta street.Dopemu,Agege.Lagos state.', 'b25758ccd7', 0, NULL, 'John', 'Doe', 'admin@example.com', '12345678', '123478', NULL, 'Lagos', NULL, NULL, 'Tue Oct 07 2025 13:57:43 GMT+0100 (West Africa Standard Time)', 'Tue Oct 07 2025 13:57:43 GMT+0100 (West Africa Standard Time)', NULL),
  (12, 78, '52, Shitta street.Dopemu,Agege.Lagos state.', 'ee91e13229', 0, NULL, 'John', 'Doe', 'musaakandeojo@gmail.com', '12345678', '123478', NULL, 'Lagos', NULL, NULL, 'Tue Oct 07 2025 13:58:31 GMT+0100 (West Africa Standard Time)', 'Tue Oct 07 2025 13:58:31 GMT+0100 (West Africa Standard Time)', NULL),
  (13, 78, '52 Shitta Street, Lagos, Nigeria', 'd7f1d31213', 0, NULL, 'Musa', 'Ojo', 'musaakandeojo@gmail.com', '+44 23480319842', '102213', NULL, 'Lagos', NULL, NULL, 'Tue Oct 07 2025 19:19:08 GMT+0100 (West Africa Standard Time)', 'Tue Oct 07 2025 19:19:08 GMT+0100 (West Africa Standard Time)', NULL),
  (14, 8, 'sdsd', 'd94507cdd5', 0, NULL, 'sds', 'dsd', 'dsd@sds.com', '+44 4342344343', 'dsd', NULL, 'dsd', NULL, NULL, 'Wed Oct 08 2025 17:44:28 GMT+0100 (West Africa Standard Time)', 'Wed Oct 08 2025 17:44:28 GMT+0100 (West Africa Standard Time)', NULL),
  (15, 156, '52, Shitta street.Dopemu,Agege.Lagos state.', NULL, 0, NULL, NULL, NULL, NULL, NULL, NULL, NULL, NULL, NULL, NULL, 'Mon Oct 13 2025 13:02:13 GMT+0100 (West Africa Standard Time)', 'Mon Oct 13 2025 13:02:13 GMT+0100 (West Africa Standard Time)', NULL),
  (16, 156, '52, Shitta street.Dopemu,Agege.Lagos state.', 'baef2b2453', 0, NULL, 'John', 'Doe', 'musaakandeojo@gmail.com', '12345678', '123478', NULL, 'Lagos', NULL, NULL, 'Mon Oct 13 2025 13:02:33 GMT+0100 (West Africa Standard Time)', 'Mon Oct 13 2025 13:02:33 GMT+0100 (West Africa Standard Time)', NULL),
  (17, 9, '52 Shitta Street, Lagos, Nigeria', 'aa4bf89773', 0, NULL, 'Musa', 'Ojo', 'musaakandeojo@gmail.com', '+44 2348031984', '102213', NULL, 'Lagos', NULL, NULL, 'Mon Oct 13 2025 13:42:11 GMT+0100 (West Africa Standard Time)', 'Mon Oct 13 2025 13:42:11 GMT+0100 (West Africa Standard Time)', NULL),
  (18, 9, '52 Shitta Street, Lagos, Nigeria', '3a4b3451a9', 0, NULL, 'Musa', 'Ojo', 'musaakandeojo@gmail.com', '+44 23480319842', '102213', NULL, 'Lagos', NULL, NULL, 'Mon Oct 13 2025 14:34:36 GMT+0100 (West Africa Standard Time)', 'Mon Oct 13 2025 14:34:36 GMT+0100 (West Africa Standard Time)', NULL),
  (19, 100, '52 Shitta Street, Lagos, Nigeria', 'eeb1d845a7', 0, NULL, 'Musa', 'Ojo', 'musaakandeojo@gmail.com', '+44 2348031984', '102213', NULL, 'Lagos', NULL, NULL, 'Sat Nov 01 2025 04:32:58 GMT+0100 (West Africa Standard Time)', 'Sat Nov 01 2025 04:32:58 GMT+0100 (West Africa Standard Time)', NULL),
  (20, 63, '52 Shitta Street, Lagos, Nigeria', 'd8440846cf', 0, NULL, 'Musa', 'Ojo', 'musaakandeojo@gmail.com', '+44 2348031989', '102213', NULL, 'Lagos', NULL, NULL, 'Mon Dec 08 2025 11:12:51 GMT+0100 (West Africa Standard Time)', 'Mon Dec 08 2025 11:12:51 GMT+0100 (West Africa Standard Time)', NULL);

/*!40000 ALTER TABLE `orders` ENABLE KEYS */;
UNLOCK TABLES;


-- --------------------------------------------------------
-- Table structure for table `permissions`
-- --------------------------------------------------------

DROP TABLE IF EXISTS `permissions`;
CREATE TABLE "permissions" (
  "id" int NOT NULL AUTO_INCREMENT,
  "name" varchar(255) NOT NULL,
  "value" varchar(255) NOT NULL,
  "groupName" varchar(255) NOT NULL,
  "description" varchar(255) NOT NULL,
  "createdAt" datetime NOT NULL,
  "updatedAt" datetime NOT NULL,
  PRIMARY KEY ("id")
);

-- --------------------------------------------------------
-- Dumping data for table `permissions`
-- --------------------------------------------------------

LOCK TABLES `permissions` WRITE;
/*!40000 ALTER TABLE `permissions` DISABLE KEYS */;

INSERT INTO `permissions` (`id`, `name`, `value`, `groupName`, `description`, `createdAt`, `updatedAt`) VALUES
  (1, 'View Users', 'users.view', 'User Permissions', 'Permission to view other users account details', 'Tue Sep 30 2025 07:50:02 GMT+0100 (West Africa Standard Time)', 'Tue Sep 30 2025 07:50:02 GMT+0100 (West Africa Standard Time)'),
  (2, 'Manage Users', 'users.manage', 'User Permissions', 'Permission to create, delete and modify other users account details', 'Tue Sep 30 2025 07:50:02 GMT+0100 (West Africa Standard Time)', 'Tue Sep 30 2025 07:50:02 GMT+0100 (West Africa Standard Time)'),
  (3, 'Add Users', 'users.add', 'User Permissions', 'Permission to add new users', 'Tue Sep 30 2025 07:50:02 GMT+0100 (West Africa Standard Time)', 'Tue Sep 30 2025 07:50:02 GMT+0100 (West Africa Standard Time)'),
  (4, 'Delete Users', 'users.delete', 'User Permissions', 'Permission to delete users', 'Tue Sep 30 2025 07:50:02 GMT+0100 (West Africa Standard Time)', 'Tue Sep 30 2025 07:50:02 GMT+0100 (West Africa Standard Time)'),
  (5, 'Edit role for Users', 'users.changeRole', 'User Permissions', 'Permission to Edit role for users', 'Tue Sep 30 2025 07:50:02 GMT+0100 (West Africa Standard Time)', 'Tue Sep 30 2025 07:50:02 GMT+0100 (West Africa Standard Time)'),
  (6, 'View Permissions', 'permissions.view', 'Permission Permissions', 'Permission to view permissions', 'Tue Sep 30 2025 07:50:02 GMT+0100 (West Africa Standard Time)', 'Tue Sep 30 2025 07:50:02 GMT+0100 (West Africa Standard Time)'),
  (7, 'Manage Permissions', 'permissions.manage', 'Permission Permissions', 'Permission to create, delete and modify permissions', 'Tue Sep 30 2025 07:50:02 GMT+0100 (West Africa Standard Time)', 'Tue Sep 30 2025 07:50:02 GMT+0100 (West Africa Standard Time)'),
  (8, 'View Roles', 'roles.view', 'Role Permissions', 'Permission to view roles', 'Tue Sep 30 2025 07:50:02 GMT+0100 (West Africa Standard Time)', 'Tue Sep 30 2025 07:50:02 GMT+0100 (West Africa Standard Time)'),
  (9, 'Manage Roles', 'roles.manage', 'Role Permissions', 'Permission to create, delete and modify roles', 'Tue Sep 30 2025 07:50:02 GMT+0100 (West Africa Standard Time)', 'Tue Sep 30 2025 07:50:02 GMT+0100 (West Africa Standard Time)'),
  (10, 'View Message Templates', 'message_templates.view', 'Message Template Permissions', 'Permission to view message templates', 'Tue Sep 30 2025 07:50:02 GMT+0100 (West Africa Standard Time)', 'Tue Sep 30 2025 07:50:02 GMT+0100 (West Africa Standard Time)'),
  (11, 'Manage Message Templates', 'message_templates.manage', 'Message Template Permissions', 'Permission to create, delete and modify message templates', 'Tue Sep 30 2025 07:50:02 GMT+0100 (West Africa Standard Time)', 'Tue Sep 30 2025 07:50:02 GMT+0100 (West Africa Standard Time)'),
  (12, 'View Variables', 'variables.view', 'Variable Permissions', 'Permission to view variables', 'Tue Sep 30 2025 07:50:02 GMT+0100 (West Africa Standard Time)', 'Tue Sep 30 2025 07:50:02 GMT+0100 (West Africa Standard Time)'),
  (13, 'Manage Variables', 'variables.manage', 'Variable Permissions', 'Permission to create, delete and modify variables', 'Tue Sep 30 2025 07:50:02 GMT+0100 (West Africa Standard Time)', 'Tue Sep 30 2025 07:50:02 GMT+0100 (West Africa Standard Time)'),
  (14, 'Manage Categories', 'category.manage', 'Category Permissions', 'Permission to manage categories', 'Tue Sep 30 2025 07:50:02 GMT+0100 (West Africa Standard Time)', 'Tue Sep 30 2025 07:50:02 GMT+0100 (West Africa Standard Time)');

/*!40000 ALTER TABLE `permissions` ENABLE KEYS */;
UNLOCK TABLES;


-- --------------------------------------------------------
-- Table structure for table `productImages`
-- --------------------------------------------------------

DROP TABLE IF EXISTS `productImages`;
CREATE TABLE "productImages" (
  "id" int NOT NULL AUTO_INCREMENT,
  "url" varchar(255) NOT NULL,
  "createdAt" datetime NOT NULL,
  "updatedAt" datetime NOT NULL,
  "productId" int DEFAULT NULL,
  PRIMARY KEY ("id"),
  KEY "productId" ("productId"),
  CONSTRAINT "productImages_ibfk_1" FOREIGN KEY ("productId") REFERENCES "products" ("id") ON DELETE SET NULL ON UPDATE CASCADE
);


-- --------------------------------------------------------
-- Table structure for table `product_categories`
-- --------------------------------------------------------

DROP TABLE IF EXISTS `product_categories`;
CREATE TABLE "product_categories" (
  "createdAt" datetime NOT NULL,
  "updatedAt" datetime NOT NULL,
  "productId" int NOT NULL,
  "categoryId" int NOT NULL,
  PRIMARY KEY ("productId","categoryId"),
  KEY "categoryId" ("categoryId"),
  CONSTRAINT "product_categories_ibfk_1" FOREIGN KEY ("productId") REFERENCES "products" ("id") ON DELETE CASCADE ON UPDATE CASCADE,
  CONSTRAINT "product_categories_ibfk_2" FOREIGN KEY ("categoryId") REFERENCES "categories" ("id") ON DELETE CASCADE ON UPDATE CASCADE
);


-- --------------------------------------------------------
-- Table structure for table `products`
-- --------------------------------------------------------

DROP TABLE IF EXISTS `products`;
CREATE TABLE "products" (
  "id" int NOT NULL AUTO_INCREMENT,
  "name" varchar(255) NOT NULL,
  "description" text,
  "section" enum('fashion','edibles','buka') DEFAULT NULL,
  "category" varchar(255) DEFAULT NULL,
  "productImage" varchar(255) DEFAULT NULL,
  "price" float DEFAULT NULL,
  "availableColors" json DEFAULT NULL,
  "availableSizes" json DEFAULT NULL,
  "product_variation_prices" json DEFAULT NULL,
  "isOutOfStock" tinyint(1) DEFAULT '0',
  "availableQuantity" int DEFAULT NULL,
  "discount" float DEFAULT NULL,
  "createdAt" datetime NOT NULL,
  "updatedAt" datetime NOT NULL,
  "hasBeenDeleted" tinyint(1) DEFAULT '0',
  "quantity" int DEFAULT NULL,
  PRIMARY KEY ("id")
);

-- --------------------------------------------------------
-- Dumping data for table `products`
-- --------------------------------------------------------

LOCK TABLES `products` WRITE;
/*!40000 ALTER TABLE `products` DISABLE KEYS */;

INSERT INTO `products` (`id`, `name`, `description`, `section`, `category`, `productImage`, `price`, `availableColors`, `availableSizes`, `product_variation_prices`, `isOutOfStock`, `availableQuantity`, `discount`, `createdAt`, `updatedAt`, `hasBeenDeleted`, `quantity`) VALUES
  (1, 'Nigerian Groundnut', 'Crunchy cornmeal snack bringing Egba culture to your table', 'edibles', 'Grains & Cereals', 'http://res.cloudinary.com/dgyovcg73/image/upload/v1759228280/link-1759228279052_jqtmu7.jpg', 50, '', '', NULL, 0, NULL, NULL, 'Tue Sep 30 2025 11:31:22 GMT+0100 (West Africa Standard Time)', 'Thu Oct 02 2025 13:14:29 GMT+0100 (West Africa Standard Time)', 1, 10),
  (2, 'Lovely Scarf', 'Beautiful scarf combining comfort, style, and timeless fashion appeal', 'fashion', 'Scarf', 'http://res.cloudinary.com/dgyovcg73/image/upload/v1759228432/link-1759228431668_u0gkxm.jpg', 2, '', '', NULL, 0, NULL, NULL, 'Tue Sep 30 2025 11:33:54 GMT+0100 (West Africa Standard Time)', 'Sun Nov 30 2025 04:41:08 GMT+0100 (West Africa Standard Time)', 1, 10),
  (3, 'PLANTAIN CHIPS (IPEKERE)', 'Yummy and natural snacks with with unripe plantain,fried until golden yellow.', 'edibles', 'Snacks & Confectionery', 'http://res.cloudinary.com/dgyovcg73/image/upload/v1759407224/link-1759407223035_marb95.png', 8.5, '', '', NULL, 0, NULL, NULL, 'Thu Oct 02 2025 13:13:46 GMT+0100 (West Africa Standard Time)', 'Sun Nov 30 2025 04:42:36 GMT+0100 (West Africa Standard Time)', 0, 9),
  (4, 'DONKWA', 'A classic Naija favourite, made from ground peanuts, cornmeal, and a hint of spice. Our Donkwa is crunchy, wholesome, and packed with flavour , the perfect balance of homemade and taste.Freshly made sealed for maximum goodness.
', 'edibles', 'Naija snacks', 'http://res.cloudinary.com/dgyovcg73/image/upload/v1759454921/link-1759454920582_om9qr7.png', 4.99, '', '', NULL, 0, NULL, NULL, 'Fri Oct 03 2025 02:29:05 GMT+0100 (West Africa Standard Time)', 'Sun Nov 30 2025 04:41:54 GMT+0100 (West Africa Standard Time)', 0, 10),
  (5, 'SNACKS COMBO DEALS', 'Five Naija favourites in one box.Kulikuli Alata, Cocoyam Chips, Gurundi, Kokoro Egba, and Roasted Groundnut. Fresh, crunchy, and full of homegrown flavour.', 'edibles', 'Naija snacks', 'http://res.cloudinary.com/dgyovcg73/image/upload/v1759455345/link-1759455344813_iybbn7.png', 25, '', '', NULL, 0, NULL, NULL, 'Fri Oct 03 2025 02:37:33 GMT+0100 (West Africa Standard Time)', 'Sun Nov 30 2025 04:40:06 GMT+0100 (West Africa Standard Time)', 1, 10),
  (6, 'SNACKS COMBO DEALS', 'A tasty mix of Naija favourites in one box! Enjoy Plantain Chips, Cocoyam Chips, Kulikuli Alata (pouch), Chinchin Flakes, and Kokoro Egba .freshly packed, crunchy, and full of flavour. Perfect for sharing.', 'edibles', 'Naija snacks', 'http://res.cloudinary.com/dgyovcg73/image/upload/v1759455879/link-1759455878673_tktfm0.png', 30, '', '', NULL, 0, NULL, NULL, 'Fri Oct 03 2025 02:44:42 GMT+0100 (West Africa Standard Time)', 'Sun Nov 30 2025 04:39:42 GMT+0100 (West Africa Standard Time)', 1, 10),
  (7, 'PURE  NATURAL HONEY', 'Pure Natural Honey .Golden, smooth, and 100% natural , perfect for sweetening, cooking, or enjoying by the spoonful.', 'edibles', 'Edibles foods', 'http://res.cloudinary.com/dgyovcg73/image/upload/v1759456171/link-1759456169649_b84nwq.png', 9, '', '', NULL, 0, NULL, NULL, 'Fri Oct 03 2025 02:49:40 GMT+0100 (West Africa Standard Time)', 'Mon Oct 13 2025 14:34:38 GMT+0100 (West Africa Standard Time)', 0, 8),
  (8, 'SIDE TWIST WEAVEN TURBAN', 'Chic, comfy, and ready to wear , a stylish twist that fits everyday use.
', 'fashion', 'Turban', 'http://res.cloudinary.com/dgyovcg73/image/upload/v1759456571/link-1759456570154_jxbmdp.png', 12, 'Green,Yellow,Shades of blue', '', NULL, 0, NULL, NULL, 'Fri Oct 03 2025 02:56:14 GMT+0100 (West Africa Standard Time)', 'Sun Nov 30 2025 04:43:02 GMT+0100 (West Africa Standard Time)', 0, 10),
  (9, 'POPCORN SCARF', 'Soft, textured, and effortlessly stylish  the perfect accessory to elevate any outfit.
', 'fashion', 'Scarfs', 'http://res.cloudinary.com/dgyovcg73/image/upload/v1759456898/link-1759456896947_khuokg.png', 3, '', '', NULL, 0, NULL, NULL, 'Fri Oct 03 2025 03:02:03 GMT+0100 (West Africa Standard Time)', 'Fri Oct 03 2025 03:02:03 GMT+0100 (West Africa Standard Time)', 0, 10),
  (10, 'TEST FOOD', 'TEST FOOD is good', 'edibles', 'Edibles foods', 'http://res.cloudinary.com/dgyovcg73/image/upload/v1759644140/link-1759644139845_zgjhwg.jpg', 77.77, '', '', '[object Object],[object Object]', 0, NULL, NULL, 'Sun Oct 05 2025 07:02:23 GMT+0100 (West Africa Standard Time)', 'Mon Oct 13 2025 13:02:34 GMT+0100 (West Africa Standard Time)', 0, -1),
  (11, 'EFORIRO WITH ASSOTED BEEF, MEAT, FISH, EJA KIKA 4L ', 'EFORIRO is that Nigerian must eat food that will take you to another level of enjoyment in life', 'buka', '9JA Soup', 'http://res.cloudinary.com/dgyovcg73/image/upload/v1761919248/link-1761919246946_haqaor.jpg', 100, NULL, NULL, '[object Object],[object Object],[object Object]', 0, NULL, NULL, 'Fri Oct 31 2025 16:40:40 GMT+0100 (West Africa Standard Time)', 'Fri Oct 31 2025 16:42:06 GMT+0100 (West Africa Standard Time)', 1, 1),
  (12, 'EFO RIRO WITH ASSORTED BEEF, MEAT, FISH,EJA KIKA AND PONMO 1L', 'Efo Riro is a traditional Yoruba stew made with fresh spinach, blended peppers, palm oil, and a mix of assorted meats with smoked fish for rich, bold flavour.', 'buka', 'Edibles foods', 'http://res.cloudinary.com/dgyovcg73/image/upload/v1761919248/link-1761919246946_haqaor.jpg', 35, NULL, NULL, '[object Object],[object Object],[object Object]', 0, NULL, NULL, 'Fri Oct 31 2025 16:41:50 GMT+0100 (West Africa Standard Time)', 'Sun Nov 30 2025 04:37:40 GMT+0100 (West Africa Standard Time)', 0, 0),
  (13, 'PLAIN YELLOW PAP', 'Our Plain Yellow Pap is made from natural yellow corn and water, giving it a rich, smooth texture and distinct taste. 100% natural ,no preservatives, no additives, just wholesome goodness .', 'edibles', 'Pap/Ogi', 'http://res.cloudinary.com/dgyovcg73/image/upload/v1762914540/link-1762914538859_swy7wo.jpg', 14, '', '', NULL, 0, NULL, NULL, 'Wed Nov 12 2025 03:29:02 GMT+0100 (West Africa Standard Time)', 'Wed Nov 12 2025 03:29:02 GMT+0100 (West Africa Standard Time)', 0, 8),
  (14, 'PLAIN WHITE PAP', 'Light, smooth, and comforting .Our Plain White Pap is prepared from the finest white corn and naturally fermented for that authentic home taste. A healthy choice for any time of the day, free from preservatives and additives.', 'edibles', 'Pap/Ogi', 'http://res.cloudinary.com/dgyovcg73/image/upload/v1762914848/link-1762914847561_d3bkkr.jpg', 7, '', '', NULL, 0, NULL, NULL, 'Wed Nov 12 2025 03:34:11 GMT+0100 (West Africa Standard Time)', 'Wed Nov 12 2025 03:34:11 GMT+0100 (West Africa Standard Time)', 0, 12),
  (15, 'PLAIN WHITE  PAP', 'Light, smooth, and comforting . Our Plain White Pap is prepared from the finest white corn and naturally fermented for that authentic home taste. A healthy choice for any time of the day, free from preservatives and additives.', 'edibles', 'Pap/Ogi', 'http://res.cloudinary.com/dgyovcg73/image/upload/v1762915005/link-1762915004921_j8mayb.jpg', 14, '', '', NULL, 0, NULL, NULL, 'Wed Nov 12 2025 03:36:48 GMT+0100 (West Africa Standard Time)', 'Wed Nov 12 2025 03:45:12 GMT+0100 (West Africa Standard Time)', 0, 5),
  (16, 'COCOYAM CHIPS (1LITRE JAR)', 'Crispy, wholesome, and naturally delicious ,our Cocoyam Chips are made from freshly sliced cocoyam, lightly seasoned, and perfectly fried for that satisfying crunch. 100% natural, no preservatives.', 'edibles', 'Naija snacks', 'http://res.cloudinary.com/dgyovcg73/image/upload/v1762915448/link-1762915447253_aqsuif.jpg', 6.99, 'LIGHT BROWN', '', NULL, 0, NULL, NULL, 'Wed Nov 12 2025 03:44:11 GMT+0100 (West Africa Standard Time)', 'Sun Nov 30 2025 04:27:20 GMT+0100 (West Africa Standard Time)', 0, 12),
  (17, 'COCOYAM CHIPS (1.5 LITRES JAR)', 'Crispy, wholesome, and naturally delicious  our Cocoyam Chips are made from freshly sliced cocoyam, lightly seasoned, and perfectly fried for that satisfying crunch. 100% natural, no preservatives.', 'edibles', 'Naija snacks', 'http://res.cloudinary.com/dgyovcg73/image/upload/v1762915716/link-1762915715556_o3bik6.jpg', 9, 'Light brown', '', NULL, 0, NULL, NULL, 'Wed Nov 12 2025 03:48:39 GMT+0100 (West Africa Standard Time)', 'Sun Nov 30 2025 04:28:23 GMT+0100 (West Africa Standard Time)', 0, 2),
  (18, 'Akara and Ogi', 'Akara and Ogi is the best local combo from Nigeria. It is soothing as well as belleful in nature', 'edibles', 'Pap/Ogi', 'http://res.cloudinary.com/dgyovcg73/image/upload/v1763554515/link-1763554503889_xz961j.jpg', 45.77, 'Yellow,Brown', '', '[object Object],[object Object]', 0, NULL, NULL, 'Wed Nov 19 2025 13:15:18 GMT+0100 (West Africa Standard Time)', 'Thu Nov 20 2025 02:33:41 GMT+0100 (West Africa Standard Time)', 1, 9),
  (19, 'SIDE TWISTED TURBAN', 'Turban, designed for effortless elegance and all-day comfort.
from soft, stretchy, and breathable fabric, this turban features a signature side-twist knot that adds volume, style, and a chic finish to any outfit.', 'fashion', 'Turban', 'http://res.cloudinary.com/dgyovcg73/image/upload/v1763753059/link-1763753057709_hlkjkx.jpg', 12, 'Yellow,Grey,Turquoise blue,Deep grey', '', NULL, 0, NULL, NULL, 'Fri Nov 21 2025 20:24:31 GMT+0100 (West Africa Standard Time)', 'Fri Nov 21 2025 20:24:31 GMT+0100 (West Africa Standard Time)', 0, 7),
  (20, 'SIDE TWISTED TURBAN', 'Turban for  everyday use, is a ready-to-wear fashion head wrap designed to bring effortless style and all-day comfort. Soft, stretchy, and secure, it sits gently on your head without slipping.', 'fashion', 'Turban', 'http://res.cloudinary.com/dgyovcg73/image/upload/v1764474525/link-1764474524137_u6buqr.jpg', 12, 'Yellow,grey and turquoise blue', '', NULL, 0, NULL, NULL, 'Sun Nov 30 2025 04:48:48 GMT+0100 (West Africa Standard Time)', 'Sun Nov 30 2025 04:48:48 GMT+0100 (West Africa Standard Time)', 0, 6),
  (21, 'DAMASK WITH BOW TURBAN', 'Stylish, ready-to-wear head wrap made from soft damask fabric. It’s lightweight, comfortable, and gives a clean, elegant look.Perfect for everyday wear or dressing up, this pre‑styled turban fits securely and works well with natural hair or wigs.', 'fashion', 'Turban', 'http://res.cloudinary.com/dgyovcg73/image/upload/v1764474860/link-1764474858574_a0pvcx.jpg', 8.99, '', '', NULL, 0, NULL, NULL, 'Sun Nov 30 2025 04:54:22 GMT+0100 (West Africa Standard Time)', 'Sun Nov 30 2025 04:54:22 GMT+0100 (West Africa Standard Time)', 0, 1),
  (22, 'ADUKE TURBAN', 'Is a pre-styled, ready-to-wear Damask Turban designed for effortless elegance. Made from soft, patterned Damask, it feels gentle on the head.', 'fashion', 'Turban', 'http://res.cloudinary.com/dgyovcg73/image/upload/v1764475168/link-1764475167110_cypqor.jpg', 5.99, '', '', NULL, 0, NULL, NULL, 'Sun Nov 30 2025 04:59:30 GMT+0100 (West Africa Standard Time)', 'Sun Nov 30 2025 05:07:40 GMT+0100 (West Africa Standard Time)', 0, 1),
  (23, 'MISTY TURBAN (BLACK)', 'Shinning crossed turban, Perfect for simple, elegant styling.Timeless in black ', 'fashion', 'Turban', 'http://res.cloudinary.com/dgyovcg73/image/upload/v1764475439/link-1764475438110_kxbrta.jpg', 5.99, '', '', NULL, 0, NULL, NULL, 'Sun Nov 30 2025 05:04:01 GMT+0100 (West Africa Standard Time)', 'Sun Nov 30 2025 05:04:01 GMT+0100 (West Africa Standard Time)', 0, 1),
  (24, 'AYONI TURBAN', 'Is a smooth, ready-to-wear silky fabric turban with a stylish front bow for a soft, feminine look.', 'fashion', 'Turban', 'http://res.cloudinary.com/dgyovcg73/image/upload/v1764475608/link-1764475606890_oc1eri.jpg', 4.99, '', '', NULL, 0, NULL, NULL, 'Sun Nov 30 2025 05:06:50 GMT+0100 (West Africa Standard Time)', 'Sun Nov 30 2025 05:06:50 GMT+0100 (West Africa Standard Time)', 0, 1),
  (25, 'MISTY SATIN TURBAN', 'Pre-styled for effortless wear, the Front  crossed Silky Turban is made from premium satin‑finish fabric. This non‑slip head-wrap is gentle on the head, breathable, and perfect for any outfit , casual or dressed up.', 'fashion', 'Turban', 'http://res.cloudinary.com/dgyovcg73/image/upload/v1764475964/link-1764475963308_bvuyd3.jpg', 4.99, '', '', NULL, 0, NULL, NULL, 'Sun Nov 30 2025 05:12:47 GMT+0100 (West Africa Standard Time)', 'Sun Nov 30 2025 05:12:47 GMT+0100 (West Africa Standard Time)', 0, 1),
  (26, 'CROSS PLEATED TURBAN', 'Suitable for everyday use ,cotton  pleated turban with soft, stylish folds for an elegant look.', 'fashion', 'Turban', 'http://res.cloudinary.com/dgyovcg73/image/upload/v1764476306/link-1764476305026_wn2lcp.jpg', 4.99, '', '', NULL, 0, NULL, NULL, 'Sun Nov 30 2025 05:18:29 GMT+0100 (West Africa Standard Time)', 'Sun Nov 30 2025 05:18:29 GMT+0100 (West Africa Standard Time)', 0, 2),
  (27, 'CROSS PLEATED TURBAN', 'Suitable for everyday use ,cotton  pleated turban with soft, stylish folds for an elegant look.', 'fashion', 'Turban', 'http://res.cloudinary.com/dgyovcg73/image/upload/v1764476410/link-1764476409335_sztocs.jpg', 4.99, '', '', NULL, 0, NULL, NULL, 'Sun Nov 30 2025 05:20:13 GMT+0100 (West Africa Standard Time)', 'Sun Nov 30 2025 05:20:13 GMT+0100 (West Africa Standard Time)', 0, 2),
  (28, 'CROSSED PLEATED TURBAN', 'Suitable for everyday use ,cotton  pleated turban with soft, stylish folds for an elegant look.', 'fashion', 'Turban', 'http://res.cloudinary.com/dgyovcg73/image/upload/v1764476502/link-1764476500911_bgp6xo.jpg', 4.99, '', '', NULL, 0, NULL, NULL, 'Sun Nov 30 2025 05:21:44 GMT+0100 (West Africa Standard Time)', 'Sun Nov 30 2025 05:24:13 GMT+0100 (West Africa Standard Time)', 0, 2),
  (29, 'CROSS PLEATED TURBAN', 'Suitable for everyday use ,cotton  pleated turban with soft, stylish folds for an elegant look.', 'fashion', 'Turban', 'http://res.cloudinary.com/dgyovcg73/image/upload/v1764476597/link-1764476595901_sut6bk.jpg', 4.99, '', '', NULL, 0, NULL, NULL, 'Sun Nov 30 2025 05:23:19 GMT+0100 (West Africa Standard Time)', 'Sun Nov 30 2025 05:23:19 GMT+0100 (West Africa Standard Time)', 0, 2),
  (30, 'CROSSED PLEATED TURBAN', 'Suitable for everyday use ,cotton  pleated turban with soft, stylish folds for an elegant look.', 'fashion', 'Turban', 'http://res.cloudinary.com/dgyovcg73/image/upload/v1764476818/link-1764476816962_ksvelf.jpg', 4.99, 'LILAC', '', NULL, 0, NULL, NULL, 'Sun Nov 30 2025 05:27:01 GMT+0100 (West Africa Standard Time)', 'Sun Nov 30 2025 05:27:01 GMT+0100 (West Africa Standard Time)', 0, 1),
  (31, 'CROSSED PLEATED TURBAN', 'Suitable for everyday use ,cotton  pleated turban with soft, stylish folds for an elegant look.', 'fashion', 'Turban', 'http://res.cloudinary.com/dgyovcg73/image/upload/v1764477139/link-1764477137962_qc93fl.jpg', 4.99, 'YELLOW', '', NULL, 0, NULL, NULL, 'Sun Nov 30 2025 05:32:23 GMT+0100 (West Africa Standard Time)', 'Sun Nov 30 2025 05:32:23 GMT+0100 (West Africa Standard Time)', 0, 2),
  (32, 'CROSSED PMEATED TURBAN ', 'Suitable for everyday use ,cotton  pleated turban with soft, stylish folds for an elegant look.', 'fashion', 'Turban', 'http://res.cloudinary.com/dgyovcg73/image/upload/v1764477279/link-1764477277132_z1vlb3.jpg', 4.99, 'LIGHT CARTON', '', NULL, 0, NULL, NULL, 'Sun Nov 30 2025 05:34:41 GMT+0100 (West Africa Standard Time)', 'Sun Nov 30 2025 05:34:41 GMT+0100 (West Africa Standard Time)', 0, 2),
  (33, 'CROSSED PLEATED TURBAN', 'Suitable for everyday use ,cotton  pleated turban with soft, stylish folds for an elegant look.', 'fashion', 'Turban', 'http://res.cloudinary.com/dgyovcg73/image/upload/v1764478101/link-1764478100120_mjlvtq.jpg', 4.99, 'TOMATO RED', '', NULL, 0, NULL, NULL, 'Sun Nov 30 2025 05:48:24 GMT+0100 (West Africa Standard Time)', 'Sun Nov 30 2025 05:48:24 GMT+0100 (West Africa Standard Time)', 0, 1),
  (34, 'Egusi with Vegetable', 'Eat confirm homade made Egusi with vegetables with Orisirisi such as Fish, Assorted Meat and Ponmo', 'buka', 'Naija snacks', 'http://res.cloudinary.com/dgyovcg73/image/upload/v1765173600/link-1765173599640_uklun1.jpg', 34.98, '', '', NULL, 0, NULL, NULL, 'Mon Dec 08 2025 07:00:02 GMT+0100 (West Africa Standard Time)', 'Mon Dec 08 2025 07:00:02 GMT+0100 (West Africa Standard Time)', 0, 9),
  (35, 'Efo Riro', 'Enjoy the vibrant taste of Ego Riro — a savory, carefully prepared mix of fresh ingredients that delivers real Nigerian flavor in every bite. Nutritious, satisfying, and full of character, it’s the perfect choice for a quick, wholesome meal.', 'buka', 'Soup type', 'http://res.cloudinary.com/dgyovcg73/image/upload/v1765174158/link-1765174157516_rvpuyd.jpg', 35, '', '', NULL, 0, NULL, NULL, 'Mon Dec 08 2025 07:09:21 GMT+0100 (West Africa Standard Time)', 'Mon Dec 08 2025 07:09:21 GMT+0100 (West Africa Standard Time)', 0, 8),
  (36, 'Egusi Ijebu', 'A delicious, flavorful Nigerian dish made with fresh ingredients and rich spices — comfort food you’ll enjoy every time.', 'buka', 'Soup type', 'http://res.cloudinary.com/dgyovcg73/image/upload/v1765174503/link-1765174502129_cumif5.jpg', 29.98, '', '', NULL, 0, NULL, NULL, 'Mon Dec 08 2025 07:15:06 GMT+0100 (West Africa Standard Time)', 'Mon Dec 08 2025 07:15:06 GMT+0100 (West Africa Standard Time)', 0, 10),
  (37, 'Seafood Okra Mix', 'Enjoy a delicious fusion of okra and assorted seafood, seasoned to perfection for a flavorful, nourishing meal. This Seafood Okra Mix brings restaurant-quality taste straight to your table — perfect with swallow or rice.', 'buka', 'Soup type', 'http://res.cloudinary.com/dgyovcg73/image/upload/v1765174750/link-1765174749685_j3fqgj.jpg', 40, '', '', NULL, 0, NULL, NULL, 'Mon Dec 08 2025 07:19:13 GMT+0100 (West Africa Standard Time)', 'Mon Dec 08 2025 07:19:13 GMT+0100 (West Africa Standard Time)', 0, 8),
  (38, 'Ogbono Soup', 'Ogbono Soup is a rich, hearty blend of ground ogbono seeds, fresh spices, and tender proteins cooked into a smooth, flavorful draw soup.', 'buka', 'Soup type', 'http://res.cloudinary.com/dgyovcg73/image/upload/v1765175061/link-1765175061182_tgukrp.jpg', 35, '', '', NULL, 0, NULL, NULL, 'Mon Dec 08 2025 07:24:24 GMT+0100 (West Africa Standard Time)', 'Mon Dec 08 2025 07:24:24 GMT+0100 (West Africa Standard Time)', 0, 9),
  (39, 'Buka Stew', 'Buka Stew is a deeply flavorful, slow-cooked tomato and pepper blend that brings the authentic taste of local Nigerian kitchens to your plate. Rich, aromatic, and perfectly seasoned, it elevates any meal — from rice to yam, beans, or swallow.', 'buka', 'Soup type', 'http://res.cloudinary.com/dgyovcg73/image/upload/v1765175451/link-1765175451595_pr9wco.jpg', 35, '', '', NULL, 0, NULL, NULL, 'Mon Dec 08 2025 07:30:54 GMT+0100 (West Africa Standard Time)', 'Mon Dec 08 2025 07:30:54 GMT+0100 (West Africa Standard Time)', 0, 12),
  (40, 'Ewedu', 'Ewedu is a smooth, nutritious jute-leaf soup blended to perfection for a light, silky texture and authentic Yoruba flavor. Naturally rich and soothing, it pairs beautifully with amala or any swallow for a wholesome, satisfying meal.', 'buka', 'Soup type', 'http://res.cloudinary.com/dgyovcg73/image/upload/v1765175657/link-1765175656827_utjgv3.jpg', 20, '', '', NULL, 0, NULL, NULL, 'Mon Dec 08 2025 07:34:20 GMT+0100 (West Africa Standard Time)', 'Mon Dec 08 2025 07:34:20 GMT+0100 (West Africa Standard Time)', 0, 9),
  (41, 'Gbegiri', 'Gbegiri is a creamy, flavorful bean soup made from peeled beans and rich spices, cooked to a smooth, comforting finish. Light, nutritious, and delicious, it’s the perfect partner for amala and ewedu — bringing that authentic buka taste to your meal.', 'buka', 'Soup type', 'http://res.cloudinary.com/dgyovcg73/image/upload/v1765175840/link-1765175839654_h418ip.jpg', 25, '', '', NULL, 0, NULL, NULL, 'Mon Dec 08 2025 07:37:22 GMT+0100 (West Africa Standard Time)', 'Mon Dec 08 2025 07:37:22 GMT+0100 (West Africa Standard Time)', 0, 10),
  (42, 'Gbegiri', 'Gbegiri is a creamy, flavorful bean soup made from peeled beans and rich spices, cooked to a smooth, comforting finish. Light, nutritious, and delicious, it’s the perfect partner for amala and ewedu — bringing that authentic buka taste to your meal.', 'buka', 'Soup type', 'http://res.cloudinary.com/dgyovcg73/image/upload/v1765175951/link-1765175950406_jovdxk.jpg', 25, '', '', NULL, 0, NULL, NULL, 'Mon Dec 08 2025 07:39:13 GMT+0100 (West Africa Standard Time)', 'Mon Dec 08 2025 07:39:13 GMT+0100 (West Africa Standard Time)', 0, 10),
  (43, 'Green Ayamase', 'Green Ayamase is a spicy, flavor-packed pepper sauce made from blended green chilies, onions, and assorted proteins fried in rich bleached palm oil. ', 'buka', 'Sauce/stew type', 'http://res.cloudinary.com/dgyovcg73/image/upload/v1765176179/link-1765176178527_v3m5k9.jpg', 35, '', '', NULL, 0, NULL, NULL, 'Mon Dec 08 2025 07:43:02 GMT+0100 (West Africa Standard Time)', 'Mon Dec 08 2025 07:43:02 GMT+0100 (West Africa Standard Time)', 0, 9),
  (44, 'Ofada Sauce', 'Ofada Sauce is a rich, spicy Yoruba delicacy made with green peppers, onions, and assorted meats slow-cooked in fragrant palm oil. ', 'buka', 'Sauce/stew type', 'http://res.cloudinary.com/dgyovcg73/image/upload/v1765176343/link-1765176342897_pvgjw1.jpg', 34.99, '', '', NULL, 0, NULL, NULL, 'Mon Dec 08 2025 07:45:45 GMT+0100 (West Africa Standard Time)', 'Mon Dec 08 2025 07:45:45 GMT+0100 (West Africa Standard Time)', 0, 10),
  (45, 'Peppered Snail Sauce', 'Peppered Snail Sauce is a spicy, flavorful mix of tender, well-seasoned snails tossed in rich pepper sauce for that perfect balance of heat and taste. Bold, aromatic, and irresistibly delicious.', 'buka', 'Sauce/stew type', 'http://res.cloudinary.com/dgyovcg73/image/upload/v1765176572/link-1765176571848_hx8aqr.jpg', 100, '', '', NULL, 0, NULL, NULL, 'Mon Dec 08 2025 07:49:35 GMT+0100 (West Africa Standard Time)', 'Mon Dec 08 2025 07:49:35 GMT+0100 (West Africa Standard Time)', 0, 8),
  (46, 'Ewa Riro(Stewed Beans)', 'Ewa Riro is a spicy, flavor-packed pepper sauce made from blended green chilies, onions, and assorted proteins fried in rich bleached palm oil. ', 'buka', 'Local dishes', 'http://res.cloudinary.com/dgyovcg73/image/upload/v1765176787/link-1765176786802_lr687t.jpg', 25, '', '', NULL, 0, NULL, NULL, 'Mon Dec 08 2025 07:53:09 GMT+0100 (West Africa Standard Time)', 'Mon Dec 08 2025 11:12:53 GMT+0100 (West Africa Standard Time)', 0, 9),
  (47, 'Beans & Corn(Adalu)', 'A wholesome blend of corn and beans, Adalu is rich, comforting, and full of natural flavors—perfect for a hearty, nutritious meal anytime.', 'buka', 'Local dishes', 'http://res.cloudinary.com/dgyovcg73/image/upload/v1765176980/link-1765176980413_avaf5r.jpg', 30, '', '', NULL, 0, NULL, NULL, 'Mon Dec 08 2025 07:56:23 GMT+0100 (West Africa Standard Time)', 'Mon Dec 08 2025 07:56:23 GMT+0100 (West Africa Standard Time)', 0, 9),
  (48, 'Mackerel Fish Stew', 'A rich and savory stew packed with tender mackerel, fresh spices, and a burst of flavor—perfect for a delicious, satisfying meal.', 'buka', 'Fish type/Sauce', 'http://res.cloudinary.com/dgyovcg73/image/upload/v1765177222/link-1765177221030_hiizgr.jpg', 25, '', '', NULL, 0, NULL, NULL, 'Mon Dec 08 2025 08:00:24 GMT+0100 (West Africa Standard Time)', 'Mon Dec 08 2025 08:00:24 GMT+0100 (West Africa Standard Time)', 0, 10),
  (49, 'Tilapia Fish Stew', 'A rich and savory stew packed with tender tilapia, fresh spices, and a burst of flavor—perfect for a delicious, satisfying meal.', 'buka', 'Fish type/Sauce', 'http://res.cloudinary.com/dgyovcg73/image/upload/v1765177468/link-1765177468400_ap0ozw.jpg', 35, '', '', '[object Object]', 0, NULL, NULL, 'Mon Dec 08 2025 08:04:31 GMT+0100 (West Africa Standard Time)', 'Mon Dec 08 2025 12:30:09 GMT+0100 (West Africa Standard Time)', 0, 8),
  (50, 'Gizzdodo(2L Bowl)', 'A spicy, flavorful mix of tender chicken gizzard and sweet, ripe plantains—Gizzdodo is the perfect snack or side to excite your taste buds.', 'buka', 'Side Attraction', 'http://res.cloudinary.com/dgyovcg73/image/upload/v1765177710/link-1765177709219_q9wuwg.png', 50, '', '', NULL, 0, NULL, NULL, 'Mon Dec 08 2025 08:08:33 GMT+0100 (West Africa Standard Time)', 'Mon Dec 08 2025 08:08:33 GMT+0100 (West Africa Standard Time)', 0, 9),
  (51, 'MoinMoin Elewe', 'Soft, steamed bean pudding wrapped in fresh Elewe leaves—MoinMoin Elewe is a traditional delicacy packed with flavor and goodness.
Minimum of ten wraps', 'buka', 'Side Attraction', 'http://res.cloudinary.com/dgyovcg73/image/upload/v1765177922/link-1765177922269_p9sx4f.jpg', 3, '', '', NULL, 0, NULL, NULL, 'Mon Dec 08 2025 08:12:05 GMT+0100 (West Africa Standard Time)', 'Mon Dec 08 2025 11:12:53 GMT+0100 (West Africa Standard Time)', 0, 9);

/*!40000 ALTER TABLE `products` ENABLE KEYS */;
UNLOCK TABLES;


-- --------------------------------------------------------
-- Table structure for table `ratings`
-- --------------------------------------------------------

DROP TABLE IF EXISTS `ratings`;
CREATE TABLE "ratings" (
  "id" int NOT NULL AUTO_INCREMENT,
  "star" int DEFAULT NULL,
  "review" varchar(255) DEFAULT NULL,
  "name" varchar(255) DEFAULT NULL,
  "createdAt" datetime NOT NULL,
  "updatedAt" datetime NOT NULL,
  "productId" int DEFAULT NULL,
  "location" varchar(255) DEFAULT NULL,
  PRIMARY KEY ("id"),
  KEY "productId" ("productId"),
  CONSTRAINT "ratings_ibfk_1" FOREIGN KEY ("productId") REFERENCES "products" ("id") ON DELETE SET NULL ON UPDATE CASCADE
);

-- --------------------------------------------------------
-- Dumping data for table `ratings`
-- --------------------------------------------------------

LOCK TABLES `ratings` WRITE;
/*!40000 ALTER TABLE `ratings` DISABLE KEYS */;

INSERT INTO `ratings` (`id`, `star`, `review`, `name`, `createdAt`, `updatedAt`, `productId`, `location`) VALUES
  (1, 5, 'I love this groundnut. it tastes Nigerian. Thank you fodus', 'Musa Ojo', 'Tue Sep 30 2025 11:35:40 GMT+0100 (West Africa Standard Time)', 'Tue Sep 30 2025 11:35:40 GMT+0100 (West Africa Standard Time)', 1, NULL),
  (2, 5, 'Your Customer delivery is one of a kind for me. I got exactly what I ordered and well package. I will recommend you for the whole world', 'Allan Smith', 'Tue Sep 30 2025 16:30:33 GMT+0100 (West Africa Standard Time)', 'Tue Sep 30 2025 16:30:33 GMT+0100 (West Africa Standard Time)', 1, 'NewCastle, UK'),
  (3, 5, 'Top notch vendor', 'Micheal Green', 'Tue Sep 30 2025 19:06:54 GMT+0100 (West Africa Standard Time)', 'Tue Sep 30 2025 19:06:54 GMT+0100 (West Africa Standard Time)', 1, 'Macjester'),
  (4, 5, 'I enjoy this after my uncle order it for me and I can tell you its very organic', 'Musa Ojo', 'Tue Sep 30 2025 19:12:03 GMT+0100 (West Africa Standard Time)', 'Tue Sep 30 2025 19:12:03 GMT+0100 (West Africa Standard Time)', 1, 'Lagos, Nigeria');

/*!40000 ALTER TABLE `ratings` ENABLE KEYS */;
UNLOCK TABLES;


-- --------------------------------------------------------
-- Table structure for table `role_permission`
-- --------------------------------------------------------

DROP TABLE IF EXISTS `role_permission`;
CREATE TABLE "role_permission" (
  "createdAt" datetime NOT NULL,
  "updatedAt" datetime NOT NULL,
  "roleId" int NOT NULL,
  "permissionId" int NOT NULL,
  PRIMARY KEY ("roleId","permissionId"),
  KEY "permissionId" ("permissionId"),
  CONSTRAINT "role_permission_ibfk_1" FOREIGN KEY ("roleId") REFERENCES "roles" ("id") ON DELETE CASCADE ON UPDATE CASCADE,
  CONSTRAINT "role_permission_ibfk_2" FOREIGN KEY ("permissionId") REFERENCES "permissions" ("id") ON DELETE CASCADE ON UPDATE CASCADE
);

-- --------------------------------------------------------
-- Dumping data for table `role_permission`
-- --------------------------------------------------------

LOCK TABLES `role_permission` WRITE;
/*!40000 ALTER TABLE `role_permission` DISABLE KEYS */;

INSERT INTO `role_permission` (`createdAt`, `updatedAt`, `roleId`, `permissionId`) VALUES
  ('Tue Sep 30 2025 07:50:03 GMT+0100 (West Africa Standard Time)', 'Tue Sep 30 2025 07:50:03 GMT+0100 (West Africa Standard Time)', 1, 1),
  ('Tue Sep 30 2025 07:50:03 GMT+0100 (West Africa Standard Time)', 'Tue Sep 30 2025 07:50:03 GMT+0100 (West Africa Standard Time)', 1, 2),
  ('Tue Sep 30 2025 07:50:03 GMT+0100 (West Africa Standard Time)', 'Tue Sep 30 2025 07:50:03 GMT+0100 (West Africa Standard Time)', 1, 3),
  ('Tue Sep 30 2025 07:50:03 GMT+0100 (West Africa Standard Time)', 'Tue Sep 30 2025 07:50:03 GMT+0100 (West Africa Standard Time)', 1, 4),
  ('Tue Sep 30 2025 07:50:03 GMT+0100 (West Africa Standard Time)', 'Tue Sep 30 2025 07:50:03 GMT+0100 (West Africa Standard Time)', 1, 5),
  ('Tue Sep 30 2025 07:50:03 GMT+0100 (West Africa Standard Time)', 'Tue Sep 30 2025 07:50:03 GMT+0100 (West Africa Standard Time)', 1, 6),
  ('Tue Sep 30 2025 07:50:03 GMT+0100 (West Africa Standard Time)', 'Tue Sep 30 2025 07:50:03 GMT+0100 (West Africa Standard Time)', 1, 7),
  ('Tue Sep 30 2025 07:50:03 GMT+0100 (West Africa Standard Time)', 'Tue Sep 30 2025 07:50:03 GMT+0100 (West Africa Standard Time)', 1, 8),
  ('Tue Sep 30 2025 07:50:03 GMT+0100 (West Africa Standard Time)', 'Tue Sep 30 2025 07:50:03 GMT+0100 (West Africa Standard Time)', 1, 9),
  ('Tue Sep 30 2025 07:50:03 GMT+0100 (West Africa Standard Time)', 'Tue Sep 30 2025 07:50:03 GMT+0100 (West Africa Standard Time)', 1, 10),
  ('Tue Sep 30 2025 07:50:03 GMT+0100 (West Africa Standard Time)', 'Tue Sep 30 2025 07:50:03 GMT+0100 (West Africa Standard Time)', 1, 11),
  ('Tue Sep 30 2025 07:50:03 GMT+0100 (West Africa Standard Time)', 'Tue Sep 30 2025 07:50:03 GMT+0100 (West Africa Standard Time)', 1, 12),
  ('Tue Sep 30 2025 07:50:03 GMT+0100 (West Africa Standard Time)', 'Tue Sep 30 2025 07:50:03 GMT+0100 (West Africa Standard Time)', 1, 13),
  ('Tue Sep 30 2025 07:50:03 GMT+0100 (West Africa Standard Time)', 'Tue Sep 30 2025 07:50:03 GMT+0100 (West Africa Standard Time)', 1, 14),
  ('Tue Sep 30 2025 07:50:04 GMT+0100 (West Africa Standard Time)', 'Tue Sep 30 2025 07:50:04 GMT+0100 (West Africa Standard Time)', 2, 1),
  ('Tue Sep 30 2025 07:50:04 GMT+0100 (West Africa Standard Time)', 'Tue Sep 30 2025 07:50:04 GMT+0100 (West Africa Standard Time)', 2, 2);

/*!40000 ALTER TABLE `role_permission` ENABLE KEYS */;
UNLOCK TABLES;


-- --------------------------------------------------------
-- Table structure for table `roles`
-- --------------------------------------------------------

DROP TABLE IF EXISTS `roles`;
CREATE TABLE "roles" (
  "id" int NOT NULL AUTO_INCREMENT,
  "name" varchar(255) NOT NULL,
  "description" varchar(255) NOT NULL,
  "createdAt" datetime NOT NULL,
  "updatedAt" datetime NOT NULL,
  PRIMARY KEY ("id")
);

-- --------------------------------------------------------
-- Dumping data for table `roles`
-- --------------------------------------------------------

LOCK TABLES `roles` WRITE;
/*!40000 ALTER TABLE `roles` DISABLE KEYS */;

INSERT INTO `roles` (`id`, `name`, `description`, `createdAt`, `updatedAt`) VALUES
  (1, 'admin', 'system admin with access to all features', 'Tue Sep 30 2025 07:49:59 GMT+0100 (West Africa Standard Time)', 'Tue Sep 30 2025 07:49:59 GMT+0100 (West Africa Standard Time)'),
  (2, 'user', 'system user with access to all features', 'Tue Sep 30 2025 07:49:59 GMT+0100 (West Africa Standard Time)', 'Tue Sep 30 2025 07:49:59 GMT+0100 (West Africa Standard Time)');

/*!40000 ALTER TABLE `roles` ENABLE KEYS */;
UNLOCK TABLES;


-- --------------------------------------------------------
-- Table structure for table `tokens`
-- --------------------------------------------------------

DROP TABLE IF EXISTS `tokens`;
CREATE TABLE "tokens" (
  "id" int NOT NULL AUTO_INCREMENT,
  "token" varchar(255) NOT NULL,
  "userId" int NOT NULL,
  "type" enum('refresh','resetPassword','verifyEmail') NOT NULL,
  "expires" datetime NOT NULL,
  "blacklisted" tinyint(1) DEFAULT NULL,
  "createdAt" datetime NOT NULL,
  "updatedAt" datetime NOT NULL,
  PRIMARY KEY ("id"),
  KEY "userId" ("userId"),
  CONSTRAINT "tokens_ibfk_1" FOREIGN KEY ("userId") REFERENCES "users" ("id") ON DELETE CASCADE ON UPDATE CASCADE
);

-- --------------------------------------------------------
-- Dumping data for table `tokens`
-- --------------------------------------------------------

LOCK TABLES `tokens` WRITE;
/*!40000 ALTER TABLE `tokens` DISABLE KEYS */;

INSERT INTO `tokens` (`id`, `token`, `userId`, `type`, `expires`, `blacklisted`, `createdAt`, `updatedAt`) VALUES
  (1, 'eyJhbGciOiJIUzI1NiIsInR5cCI6IkpXVCJ9.eyJzdWIiOjEsImlhdCI6MTc1OTIxNTE4NiwiZXhwIjoxNzYxODA3MTg2LCJ0eXBlIjoicmVmcmVzaCJ9.RIrIfUkh4OjjNx1XshxCLSuMAO1qnKHwV-jGZHrbosk', 1, 'refresh', 'Thu Oct 30 2025 07:53:06 GMT+0100 (West Africa Standard Time)', 0, 'Tue Sep 30 2025 07:53:06 GMT+0100 (West Africa Standard Time)', 'Tue Sep 30 2025 07:53:06 GMT+0100 (West Africa Standard Time)'),
  (2, 'eyJhbGciOiJIUzI1NiIsInR5cCI6IkpXVCJ9.eyJzdWIiOjEsImlhdCI6MTc1OTIxNjA5NiwiZXhwIjoxNzYxODA4MDk2LCJ0eXBlIjoicmVmcmVzaCJ9.qO7xzI6eQvzbP67LzOXZ8NqQPPZPuB5zuFSz6K4mmCE', 1, 'refresh', 'Thu Oct 30 2025 08:08:16 GMT+0100 (West Africa Standard Time)', 0, 'Tue Sep 30 2025 08:08:16 GMT+0100 (West Africa Standard Time)', 'Tue Sep 30 2025 08:08:16 GMT+0100 (West Africa Standard Time)'),
  (3, 'eyJhbGciOiJIUzI1NiIsInR5cCI6IkpXVCJ9.eyJzdWIiOjEsImlhdCI6MTc1OTIyNjg3OSwiZXhwIjoxNzYxODE4ODc5LCJ0eXBlIjoicmVmcmVzaCJ9.rDMy89dT451OoLcn5ZQVOBjazxUvRCXwFpA0zK-KmU4', 1, 'refresh', 'Thu Oct 30 2025 11:07:59 GMT+0100 (West Africa Standard Time)', 0, 'Tue Sep 30 2025 11:07:59 GMT+0100 (West Africa Standard Time)', 'Tue Sep 30 2025 11:07:59 GMT+0100 (West Africa Standard Time)'),
  (4, 'eyJhbGciOiJIUzI1NiIsInR5cCI6IkpXVCJ9.eyJzdWIiOjEsImlhdCI6MTc1OTIyNzg5NSwiZXhwIjoxNzYxODE5ODk1LCJ0eXBlIjoicmVmcmVzaCJ9.lZWC8ZHFGcWml9DMFmw5oGpj9NSImETEsoBI9mNVpPA', 1, 'refresh', 'Thu Oct 30 2025 11:24:55 GMT+0100 (West Africa Standard Time)', 0, 'Tue Sep 30 2025 11:24:55 GMT+0100 (West Africa Standard Time)', 'Tue Sep 30 2025 11:24:55 GMT+0100 (West Africa Standard Time)'),
  (5, 'eyJhbGciOiJIUzI1NiIsInR5cCI6IkpXVCJ9.eyJzdWIiOjEsImlhdCI6MTc1OTI0NjcxNywiZXhwIjoxNzYxODM4NzE3LCJ0eXBlIjoicmVmcmVzaCJ9.Z7hBWQkRRMbc-HVyQNGiQom33OdHHiGjBvKOFxHKYQE', 1, 'refresh', 'Thu Oct 30 2025 16:38:37 GMT+0100 (West Africa Standard Time)', 0, 'Tue Sep 30 2025 16:38:37 GMT+0100 (West Africa Standard Time)', 'Tue Sep 30 2025 16:38:37 GMT+0100 (West Africa Standard Time)'),
  (6, 'eyJhbGciOiJIUzI1NiIsInR5cCI6IkpXVCJ9.eyJzdWIiOjEsImlhdCI6MTc1OTI0NzUyNSwiZXhwIjoxNzYxODM5NTI1LCJ0eXBlIjoicmVmcmVzaCJ9.eDs55t6uF-iH15px8JLjKhrq0exWrw7SXtGuSzqB3QM', 1, 'refresh', 'Thu Oct 30 2025 16:52:05 GMT+0100 (West Africa Standard Time)', 0, 'Tue Sep 30 2025 16:52:05 GMT+0100 (West Africa Standard Time)', 'Tue Sep 30 2025 16:52:05 GMT+0100 (West Africa Standard Time)'),
  (7, 'eyJhbGciOiJIUzI1NiIsInR5cCI6IkpXVCJ9.eyJzdWIiOjEsImlhdCI6MTc1OTI0Nzg2OCwiZXhwIjoxNzYxODM5ODY4LCJ0eXBlIjoicmVmcmVzaCJ9.wWCQgCX2rhOSA8o_5Cu0kezrAJQQeMcYg-0Vst7RdjI', 1, 'refresh', 'Thu Oct 30 2025 16:57:48 GMT+0100 (West Africa Standard Time)', 0, 'Tue Sep 30 2025 16:57:48 GMT+0100 (West Africa Standard Time)', 'Tue Sep 30 2025 16:57:48 GMT+0100 (West Africa Standard Time)'),
  (8, 'eyJhbGciOiJIUzI1NiIsInR5cCI6IkpXVCJ9.eyJzdWIiOjEsImlhdCI6MTc1OTI1MTk4OSwiZXhwIjoxNzYxODQzOTg5LCJ0eXBlIjoicmVmcmVzaCJ9.N8lxgWf-tzd53IjGGwoDkW3ogTeKyhm-QcKfHXtzmio', 1, 'refresh', 'Thu Oct 30 2025 18:06:29 GMT+0100 (West Africa Standard Time)', 0, 'Tue Sep 30 2025 18:06:29 GMT+0100 (West Africa Standard Time)', 'Tue Sep 30 2025 18:06:29 GMT+0100 (West Africa Standard Time)'),
  (9, 'eyJhbGciOiJIUzI1NiIsInR5cCI6IkpXVCJ9.eyJzdWIiOjEsImlhdCI6MTc1OTI1Mjk3MSwiZXhwIjoxNzYxODQ0OTcxLCJ0eXBlIjoicmVmcmVzaCJ9.CLyDFvRgxWdkHvUayHKcWSqaQw3JZaC_eG0cyw_m7pE', 1, 'refresh', 'Thu Oct 30 2025 18:22:51 GMT+0100 (West Africa Standard Time)', 0, 'Tue Sep 30 2025 18:22:51 GMT+0100 (West Africa Standard Time)', 'Tue Sep 30 2025 18:22:51 GMT+0100 (West Africa Standard Time)'),
  (10, 'eyJhbGciOiJIUzI1NiIsInR5cCI6IkpXVCJ9.eyJzdWIiOjMsImlhdCI6MTc1OTQwNjU2NiwiZXhwIjoxNzYxOTk4NTY2LCJ0eXBlIjoicmVmcmVzaCJ9.TkICftrv_nSWevMnV5a_UMClgbAGP1o7aeNrTVfjWMk', 3, 'refresh', 'Sat Nov 01 2025 13:02:46 GMT+0100 (West Africa Standard Time)', 0, 'Thu Oct 02 2025 13:02:46 GMT+0100 (West Africa Standard Time)', 'Thu Oct 02 2025 13:02:46 GMT+0100 (West Africa Standard Time)'),
  (11, 'eyJhbGciOiJIUzI1NiIsInR5cCI6IkpXVCJ9.eyJzdWIiOjMsImlhdCI6MTc1OTQwNjc5MSwiZXhwIjoxNzYxOTk4NzkxLCJ0eXBlIjoicmVmcmVzaCJ9.ZGUsR_qdPs64Ff1sHkSGJ6MUzkikbITCrqojL8KtCRw', 3, 'refresh', 'Sat Nov 01 2025 13:06:31 GMT+0100 (West Africa Standard Time)', 0, 'Thu Oct 02 2025 13:06:31 GMT+0100 (West Africa Standard Time)', 'Thu Oct 02 2025 13:06:31 GMT+0100 (West Africa Standard Time)'),
  (12, 'eyJhbGciOiJIUzI1NiIsInR5cCI6IkpXVCJ9.eyJzdWIiOjEsImlhdCI6MTc1OTQxMzM5MCwiZXhwIjoxNzYyMDA1MzkwLCJ0eXBlIjoicmVmcmVzaCJ9.r9B9-J0dydKR7Wc1nzD-qYIZ1LimMcCkT3KmmrIpykY', 1, 'refresh', 'Sat Nov 01 2025 14:56:30 GMT+0100 (West Africa Standard Time)', 0, 'Thu Oct 02 2025 14:56:30 GMT+0100 (West Africa Standard Time)', 'Thu Oct 02 2025 14:56:30 GMT+0100 (West Africa Standard Time)'),
  (13, 'eyJhbGciOiJIUzI1NiIsInR5cCI6IkpXVCJ9.eyJzdWIiOjMsImlhdCI6MTc1OTQ1NDIwNiwiZXhwIjoxNzYyMDQ2MjA2LCJ0eXBlIjoicmVmcmVzaCJ9.UBVH36adNPlSuOpxCi87E1ap593qUKWuYf3g_rRs43w', 3, 'refresh', 'Sun Nov 02 2025 02:16:46 GMT+0100 (West Africa Standard Time)', 0, 'Fri Oct 03 2025 02:16:46 GMT+0100 (West Africa Standard Time)', 'Fri Oct 03 2025 02:16:46 GMT+0100 (West Africa Standard Time)'),
  (14, 'eyJhbGciOiJIUzI1NiIsInR5cCI6IkpXVCJ9.eyJzdWIiOjEsImlhdCI6MTc1OTY0MzkyMiwiZXhwIjoxNzYyMjM1OTIyLCJ0eXBlIjoicmVmcmVzaCJ9.UMg8bYckXqxBcRPug3V2gx5rGQLBT5zpa0E8PoGoCi0', 1, 'refresh', 'Tue Nov 04 2025 06:58:42 GMT+0100 (West Africa Standard Time)', 0, 'Sun Oct 05 2025 06:58:42 GMT+0100 (West Africa Standard Time)', 'Sun Oct 05 2025 06:58:42 GMT+0100 (West Africa Standard Time)'),
  (15, 'eyJhbGciOiJIUzI1NiIsInR5cCI6IkpXVCJ9.eyJzdWIiOjEsImlhdCI6MTc1OTY0NTc4MCwiZXhwIjoxNzYyMjM3NzgwLCJ0eXBlIjoicmVmcmVzaCJ9.SrrpXCGt2wygGwpqxsI1W8rPfCgPgqLhrm6zbpYmC-0', 1, 'refresh', 'Tue Nov 04 2025 07:29:40 GMT+0100 (West Africa Standard Time)', 0, 'Sun Oct 05 2025 07:29:40 GMT+0100 (West Africa Standard Time)', 'Sun Oct 05 2025 07:29:40 GMT+0100 (West Africa Standard Time)'),
  (16, 'eyJhbGciOiJIUzI1NiIsInR5cCI6IkpXVCJ9.eyJzdWIiOjEsImlhdCI6MTc1OTY0NjI1NCwiZXhwIjoxNzYyMjM4MjU0LCJ0eXBlIjoicmVmcmVzaCJ9.UsYtZTPI-SgCzpTUxrcnJqUa7V1spPYwfkWc8hxOKJ8', 1, 'refresh', 'Tue Nov 04 2025 07:37:34 GMT+0100 (West Africa Standard Time)', 0, 'Sun Oct 05 2025 07:37:34 GMT+0100 (West Africa Standard Time)', 'Sun Oct 05 2025 07:37:34 GMT+0100 (West Africa Standard Time)'),
  (17, 'eyJhbGciOiJIUzI1NiIsInR5cCI6IkpXVCJ9.eyJzdWIiOjEsImlhdCI6MTc1OTY3MjM5NywiZXhwIjoxNzYyMjY0Mzk3LCJ0eXBlIjoicmVmcmVzaCJ9.Isromne9OQl_VDM4D75BowQOfql_OukkxYYidHKh9KE', 1, 'refresh', 'Tue Nov 04 2025 14:53:17 GMT+0100 (West Africa Standard Time)', 0, 'Sun Oct 05 2025 14:53:17 GMT+0100 (West Africa Standard Time)', 'Sun Oct 05 2025 14:53:17 GMT+0100 (West Africa Standard Time)'),
  (18, 'eyJhbGciOiJIUzI1NiIsInR5cCI6IkpXVCJ9.eyJzdWIiOjEsImlhdCI6MTc1OTc2NzU0MSwiZXhwIjoxNzYyMzU5NTQxLCJ0eXBlIjoicmVmcmVzaCJ9.rf7yugxJviadBZ3g8TrW6G988DBmxfKfvb8xHM2skYg', 1, 'refresh', 'Wed Nov 05 2025 17:19:01 GMT+0100 (West Africa Standard Time)', 0, 'Mon Oct 06 2025 17:19:01 GMT+0100 (West Africa Standard Time)', 'Mon Oct 06 2025 17:19:01 GMT+0100 (West Africa Standard Time)'),
  (19, 'eyJhbGciOiJIUzI1NiIsInR5cCI6IkpXVCJ9.eyJzdWIiOjEsImlhdCI6MTc1OTgxNDUwOCwiZXhwIjoxNzYyNDA2NTA4LCJ0eXBlIjoicmVmcmVzaCJ9.C4pe_QkmpJ1Jl0jG5efVVcAljq83QemdW57JljV33s0', 1, 'refresh', 'Thu Nov 06 2025 06:21:48 GMT+0100 (West Africa Standard Time)', 0, 'Tue Oct 07 2025 06:21:48 GMT+0100 (West Africa Standard Time)', 'Tue Oct 07 2025 06:21:48 GMT+0100 (West Africa Standard Time)'),
  (20, 'eyJhbGciOiJIUzI1NiIsInR5cCI6IkpXVCJ9.eyJzdWIiOjEsImlhdCI6MTc1OTgxNjExOSwiZXhwIjoxNzYyNDA4MTE5LCJ0eXBlIjoicmVmcmVzaCJ9.N6yxlx_dc_DcQxQUJY96yDTB4_vu6EmFjMSjECDG-_0', 1, 'refresh', 'Thu Nov 06 2025 06:48:39 GMT+0100 (West Africa Standard Time)', 0, 'Tue Oct 07 2025 06:48:39 GMT+0100 (West Africa Standard Time)', 'Tue Oct 07 2025 06:48:39 GMT+0100 (West Africa Standard Time)'),
  (21, 'eyJhbGciOiJIUzI1NiIsInR5cCI6IkpXVCJ9.eyJzdWIiOjEsImlhdCI6MTc2MTkxNDAyOSwiZXhwIjoxNzY0NTA2MDI5LCJ0eXBlIjoicmVmcmVzaCJ9.2c_OrSD96GPq9EpU-8LhG5GIDNnmyEzJ0FSDgf9wrdA', 1, 'refresh', 'Sun Nov 30 2025 13:33:49 GMT+0100 (West Africa Standard Time)', 0, 'Fri Oct 31 2025 13:33:49 GMT+0100 (West Africa Standard Time)', 'Fri Oct 31 2025 13:33:49 GMT+0100 (West Africa Standard Time)'),
  (22, 'eyJhbGciOiJIUzI1NiIsInR5cCI6IkpXVCJ9.eyJzdWIiOjEsImlhdCI6MTc2MTk3MDg1MywiZXhwIjoxNzY0NTYyODUzLCJ0eXBlIjoicmVmcmVzaCJ9.JWTL2im2TzzmDbAvJQp3AEqdV4qsrtUNq5GcyzoiKds', 1, 'refresh', 'Mon Dec 01 2025 05:20:53 GMT+0100 (West Africa Standard Time)', 0, 'Sat Nov 01 2025 05:20:53 GMT+0100 (West Africa Standard Time)', 'Sat Nov 01 2025 05:20:53 GMT+0100 (West Africa Standard Time)'),
  (23, 'eyJhbGciOiJIUzI1NiIsInR5cCI6IkpXVCJ9.eyJzdWIiOjMsImlhdCI6MTc2MjkxNDE0MCwiZXhwIjoxNzY1NTA2MTQwLCJ0eXBlIjoicmVmcmVzaCJ9.56CA7NIXsgv7bDDLCo0562m069si-nPYWG9Y9dIUI_M', 3, 'refresh', 'Fri Dec 12 2025 03:22:20 GMT+0100 (West Africa Standard Time)', 0, 'Wed Nov 12 2025 03:22:20 GMT+0100 (West Africa Standard Time)', 'Wed Nov 12 2025 03:22:20 GMT+0100 (West Africa Standard Time)'),
  (24, 'eyJhbGciOiJIUzI1NiIsInR5cCI6IkpXVCJ9.eyJzdWIiOjEsImlhdCI6MTc2MzUzMTE3OCwiZXhwIjoxNzY2MTIzMTc4LCJ0eXBlIjoicmVmcmVzaCJ9.DrBifu_6CYeufrbJPfXDZo3B0z6AkZ7wnQx-8PEsrrU', 1, 'refresh', 'Fri Dec 19 2025 06:46:18 GMT+0100 (West Africa Standard Time)', 0, 'Wed Nov 19 2025 06:46:18 GMT+0100 (West Africa Standard Time)', 'Wed Nov 19 2025 06:46:18 GMT+0100 (West Africa Standard Time)'),
  (25, 'eyJhbGciOiJIUzI1NiIsInR5cCI6IkpXVCJ9.eyJzdWIiOjEsImlhdCI6MTc2MzU1NDE3OCwiZXhwIjoxNzY2MTQ2MTc4LCJ0eXBlIjoicmVmcmVzaCJ9.KwmI8G0btadHM4qTzWcs7vpCerMclZhD7mkoGvQD9DY', 1, 'refresh', 'Fri Dec 19 2025 13:09:38 GMT+0100 (West Africa Standard Time)', 0, 'Wed Nov 19 2025 13:09:38 GMT+0100 (West Africa Standard Time)', 'Wed Nov 19 2025 13:09:38 GMT+0100 (West Africa Standard Time)'),
  (26, 'eyJhbGciOiJIUzI1NiIsInR5cCI6IkpXVCJ9.eyJzdWIiOjMsImlhdCI6MTc2MzYwMjMxNSwiZXhwIjoxNzY2MTk0MzE1LCJ0eXBlIjoicmVmcmVzaCJ9.K4y4Ek_G2vv75K5ch7cjXmTcbMhJyyB1ZlT_AeOPn9s', 3, 'refresh', 'Sat Dec 20 2025 02:31:55 GMT+0100 (West Africa Standard Time)', 0, 'Thu Nov 20 2025 02:31:55 GMT+0100 (West Africa Standard Time)', 'Thu Nov 20 2025 02:31:55 GMT+0100 (West Africa Standard Time)'),
  (27, 'eyJhbGciOiJIUzI1NiIsInR5cCI6IkpXVCJ9.eyJzdWIiOjMsImlhdCI6MTc2MzcyNDk5MCwiZXhwIjoxNzY2MzE2OTkwLCJ0eXBlIjoicmVmcmVzaCJ9.aI-Z3mYuUSVFkymnPvhHg0_X2SdRiKpvFgzW84UEZaE', 3, 'refresh', 'Sun Dec 21 2025 12:36:30 GMT+0100 (West Africa Standard Time)', 0, 'Fri Nov 21 2025 12:36:30 GMT+0100 (West Africa Standard Time)', 'Fri Nov 21 2025 12:36:30 GMT+0100 (West Africa Standard Time)'),
  (28, 'eyJhbGciOiJIUzI1NiIsInR5cCI6IkpXVCJ9.eyJzdWIiOjMsImlhdCI6MTc2Mzc1MjQ2MywiZXhwIjoxNzY2MzQ0NDYzLCJ0eXBlIjoicmVmcmVzaCJ9.2gKqgGpYhTFQex9QCECE2__tmAkpUvsbch7KFg8lkFI', 3, 'refresh', 'Sun Dec 21 2025 20:14:23 GMT+0100 (West Africa Standard Time)', 0, 'Fri Nov 21 2025 20:14:23 GMT+0100 (West Africa Standard Time)', 'Fri Nov 21 2025 20:14:23 GMT+0100 (West Africa Standard Time)'),
  (29, 'eyJhbGciOiJIUzI1NiIsInR5cCI6IkpXVCJ9.eyJzdWIiOjMsImlhdCI6MTc2NDQ3Mjk0NSwiZXhwIjoxNzY3MDY0OTQ1LCJ0eXBlIjoicmVmcmVzaCJ9.Sigub-vhTnZyJ17MR0m3YeMAc0hdAOaCwobzPE_klvQ', 3, 'refresh', 'Tue Dec 30 2025 04:22:25 GMT+0100 (West Africa Standard Time)', 0, 'Sun Nov 30 2025 04:22:25 GMT+0100 (West Africa Standard Time)', 'Sun Nov 30 2025 04:22:25 GMT+0100 (West Africa Standard Time)'),
  (30, 'eyJhbGciOiJIUzI1NiIsInR5cCI6IkpXVCJ9.eyJzdWIiOjEsImlhdCI6MTc2NTE3MDA4MiwiZXhwIjoxNzY3NzYyMDgyLCJ0eXBlIjoicmVmcmVzaCJ9.5xdqqlqA2TKPFdSXH3hyOd4x7b39HU4KHzjRwmS3pRY', 1, 'refresh', 'Wed Jan 07 2026 06:01:22 GMT+0100 (West Africa Standard Time)', 0, 'Mon Dec 08 2025 06:01:22 GMT+0100 (West Africa Standard Time)', 'Mon Dec 08 2025 06:01:22 GMT+0100 (West Africa Standard Time)'),
  (31, 'eyJhbGciOiJIUzI1NiIsInR5cCI6IkpXVCJ9.eyJzdWIiOjEsImlhdCI6MTc2NTE3MDA5MSwiZXhwIjoxNzY3NzYyMDkxLCJ0eXBlIjoicmVmcmVzaCJ9.1PAkZeqlPSH7oTtewBhHKGW-IBqcmhJAh3oaDidtn9o', 1, 'refresh', 'Wed Jan 07 2026 06:01:31 GMT+0100 (West Africa Standard Time)', 0, 'Mon Dec 08 2025 06:01:31 GMT+0100 (West Africa Standard Time)', 'Mon Dec 08 2025 06:01:31 GMT+0100 (West Africa Standard Time)'),
  (32, 'eyJhbGciOiJIUzI1NiIsInR5cCI6IkpXVCJ9.eyJzdWIiOjEsImlhdCI6MTc2NTE5MzAxMywiZXhwIjoxNzY3Nzg1MDEzLCJ0eXBlIjoicmVmcmVzaCJ9.i8V4eoEaiKtvMaTMJsw-0kfD4DL24tvbQ33U99mSy1s', 1, 'refresh', 'Wed Jan 07 2026 12:23:33 GMT+0100 (West Africa Standard Time)', 0, 'Mon Dec 08 2025 12:23:33 GMT+0100 (West Africa Standard Time)', 'Mon Dec 08 2025 12:23:33 GMT+0100 (West Africa Standard Time)');

/*!40000 ALTER TABLE `tokens` ENABLE KEYS */;
UNLOCK TABLES;


-- --------------------------------------------------------
-- Table structure for table `user_message_template`
-- --------------------------------------------------------

DROP TABLE IF EXISTS `user_message_template`;
CREATE TABLE "user_message_template" (
  "createdAt" datetime NOT NULL,
  "updatedAt" datetime NOT NULL,
  "userId" int NOT NULL,
  "messageTemplateId" int NOT NULL,
  PRIMARY KEY ("userId","messageTemplateId"),
  KEY "messageTemplateId" ("messageTemplateId"),
  CONSTRAINT "user_message_template_ibfk_1" FOREIGN KEY ("userId") REFERENCES "users" ("id") ON DELETE CASCADE ON UPDATE CASCADE,
  CONSTRAINT "user_message_template_ibfk_2" FOREIGN KEY ("messageTemplateId") REFERENCES "message_templates" ("id") ON DELETE CASCADE ON UPDATE CASCADE
);


-- --------------------------------------------------------
-- Table structure for table `user_role`
-- --------------------------------------------------------

DROP TABLE IF EXISTS `user_role`;
CREATE TABLE "user_role" (
  "createdAt" datetime NOT NULL,
  "updatedAt" datetime NOT NULL,
  "userId" int NOT NULL,
  "roleId" int NOT NULL,
  PRIMARY KEY ("userId","roleId"),
  KEY "roleId" ("roleId"),
  CONSTRAINT "user_role_ibfk_1" FOREIGN KEY ("userId") REFERENCES "users" ("id") ON DELETE CASCADE ON UPDATE CASCADE,
  CONSTRAINT "user_role_ibfk_2" FOREIGN KEY ("roleId") REFERENCES "roles" ("id") ON DELETE CASCADE ON UPDATE CASCADE
);

-- --------------------------------------------------------
-- Dumping data for table `user_role`
-- --------------------------------------------------------

LOCK TABLES `user_role` WRITE;
/*!40000 ALTER TABLE `user_role` DISABLE KEYS */;

INSERT INTO `user_role` (`createdAt`, `updatedAt`, `userId`, `roleId`) VALUES
  ('Tue Sep 30 2025 07:50:03 GMT+0100 (West Africa Standard Time)', 'Tue Sep 30 2025 07:50:03 GMT+0100 (West Africa Standard Time)', 1, 1),
  ('Tue Sep 30 2025 07:50:03 GMT+0100 (West Africa Standard Time)', 'Tue Sep 30 2025 07:50:03 GMT+0100 (West Africa Standard Time)', 2, 2),
  ('Tue Sep 30 2025 08:23:27 GMT+0100 (West Africa Standard Time)', 'Tue Sep 30 2025 08:23:27 GMT+0100 (West Africa Standard Time)', 3, 1),
  ('Tue Sep 30 2025 08:35:45 GMT+0100 (West Africa Standard Time)', 'Tue Sep 30 2025 08:35:45 GMT+0100 (West Africa Standard Time)', 4, 1);

/*!40000 ALTER TABLE `user_role` ENABLE KEYS */;
UNLOCK TABLES;


-- --------------------------------------------------------
-- Table structure for table `users`
-- --------------------------------------------------------

DROP TABLE IF EXISTS `users`;
CREATE TABLE "users" (
  "id" int NOT NULL AUTO_INCREMENT,
  "firstname" varchar(255) NOT NULL,
  "lastname" varchar(255) NOT NULL,
  "othername" varchar(255) DEFAULT NULL,
  "username" varchar(255) DEFAULT NULL,
  "email" varchar(255) NOT NULL,
  "password" varchar(255) NOT NULL,
  "profileImage" varchar(255) DEFAULT NULL,
  "isEmailVerified" tinyint(1) DEFAULT '0',
  "userType" enum('admin','user') DEFAULT 'user',
  "phoneNumber" varchar(255) DEFAULT NULL,
  "about" varchar(255) DEFAULT NULL,
  "lastLogin" datetime DEFAULT NULL,
  "isDeleted" tinyint(1) DEFAULT '0',
  "createdAt" datetime NOT NULL,
  "updatedAt" datetime NOT NULL,
  "roleId" int DEFAULT NULL,
  "createdBy" int DEFAULT NULL,
  "userId" int DEFAULT NULL,
  PRIMARY KEY ("id"),
  UNIQUE KEY "email" ("email"),
  UNIQUE KEY "email_2" ("email"),
  UNIQUE KEY "email_3" ("email"),
  UNIQUE KEY "email_4" ("email"),
  UNIQUE KEY "email_5" ("email"),
  UNIQUE KEY "email_6" ("email"),
  UNIQUE KEY "email_7" ("email"),
  UNIQUE KEY "email_8" ("email"),
  UNIQUE KEY "email_9" ("email"),
  UNIQUE KEY "email_10" ("email"),
  UNIQUE KEY "email_11" ("email"),
  UNIQUE KEY "email_12" ("email"),
  UNIQUE KEY "email_13" ("email"),
  UNIQUE KEY "email_14" ("email"),
  UNIQUE KEY "email_15" ("email"),
  KEY "roleId" ("roleId"),
  KEY "createdBy" ("createdBy"),
  KEY "userId" ("userId"),
  CONSTRAINT "users_ibfk_40" FOREIGN KEY ("roleId") REFERENCES "roles" ("id") ON DELETE SET NULL ON UPDATE CASCADE,
  CONSTRAINT "users_ibfk_41" FOREIGN KEY ("createdBy") REFERENCES "products" ("id") ON DELETE SET NULL ON UPDATE CASCADE,
  CONSTRAINT "users_ibfk_42" FOREIGN KEY ("userId") REFERENCES "orders" ("id") ON DELETE SET NULL ON UPDATE CASCADE
);

-- --------------------------------------------------------
-- Dumping data for table `users`
-- --------------------------------------------------------

LOCK TABLES `users` WRITE;
/*!40000 ALTER TABLE `users` DISABLE KEYS */;

INSERT INTO `users` (`id`, `firstname`, `lastname`, `othername`, `username`, `email`, `password`, `profileImage`, `isEmailVerified`, `userType`, `phoneNumber`, `about`, `lastLogin`, `isDeleted`, `createdAt`, `updatedAt`, `roleId`, `createdBy`, `userId`) VALUES
  (1, 'admin', 'admin', NULL, 'admin', 'musaakandeojo@gmail.com', '$2a$08$3j/uhV4Ssxhnf9BtO86E6Od/mnSu5Y/S7lhz6p9F59HPASws5oAnO', NULL, 1, 'user', '12345678', NULL, 'Mon Dec 08 2025 12:23:33 GMT+0100 (West Africa Standard Time)', 0, 'Tue Sep 30 2025 07:50:03 GMT+0100 (West Africa Standard Time)', 'Mon Dec 08 2025 12:23:33 GMT+0100 (West Africa Standard Time)', NULL, NULL, NULL),
  (2, 'user', 'user', NULL, 'user', 'fodus_temp@fodus.com', '$2a$08$CvI13nmI.ULKd0hcgqxfGuhm6f16uPVoxn9ln4UoZMfwrb4YF4ali', NULL, 1, 'user', '12345678', NULL, NULL, 0, 'Tue Sep 30 2025 07:50:03 GMT+0100 (West Africa Standard Time)', 'Tue Sep 30 2025 07:50:03 GMT+0100 (West Africa Standard Time)', NULL, NULL, NULL),
  (3, 'Fodus', 'Fodus', NULL, 'Fodus', 'fodusstores@gmail.com', '$2a$08$Jo/zSe/VPdZ/QmFyOBIp..W.Rnp4djfMY8yML0htd6wTKS2KCSB2y', NULL, 1, 'user', '+44794077138', NULL, 'Sun Nov 30 2025 04:22:24 GMT+0100 (West Africa Standard Time)', 0, 'Tue Sep 30 2025 08:23:26 GMT+0100 (West Africa Standard Time)', 'Sun Nov 30 2025 04:22:24 GMT+0100 (West Africa Standard Time)', NULL, NULL, NULL),
  (4, 'Fodu1s', 'Fodus', NULL, 'Fodu1s', 'fodusstors@gmail.com', '$2a$08$rSocPzAKztOl/FF82ptrKe3InbA3tPAgjSfp9aCtmflV630fsjtGW', NULL, 1, 'user', '+44794077138', NULL, NULL, 0, 'Tue Sep 30 2025 08:35:45 GMT+0100 (West Africa Standard Time)', 'Tue Sep 30 2025 08:35:45 GMT+0100 (West Africa Standard Time)', NULL, NULL, NULL);

/*!40000 ALTER TABLE `users` ENABLE KEYS */;
UNLOCK TABLES;


-- --------------------------------------------------------
-- Table structure for table `variables`
-- --------------------------------------------------------

DROP TABLE IF EXISTS `variables`;
CREATE TABLE "variables" (
  "id" int NOT NULL AUTO_INCREMENT,
  "name" varchar(255) NOT NULL,
  "createdAt" datetime NOT NULL,
  "updatedAt" datetime NOT NULL,
  PRIMARY KEY ("id")
);

-- --------------------------------------------------------
-- Dumping data for table `variables`
-- --------------------------------------------------------

LOCK TABLES `variables` WRITE;
/*!40000 ALTER TABLE `variables` DISABLE KEYS */;

INSERT INTO `variables` (`id`, `name`, `createdAt`, `updatedAt`) VALUES
  (1, 'lastName', 'Tue Sep 30 2025 07:50:00 GMT+0100 (West Africa Standard Time)', 'Tue Sep 30 2025 07:50:00 GMT+0100 (West Africa Standard Time)'),
  (2, 'firstName', 'Tue Sep 30 2025 07:50:00 GMT+0100 (West Africa Standard Time)', 'Tue Sep 30 2025 07:50:00 GMT+0100 (West Africa Standard Time)'),
  (3, 'token', 'Tue Sep 30 2025 07:50:00 GMT+0100 (West Africa Standard Time)', 'Tue Sep 30 2025 07:50:00 GMT+0100 (West Africa Standard Time)'),
  (4, 'code', 'Tue Sep 30 2025 07:50:00 GMT+0100 (West Africa Standard Time)', 'Tue Sep 30 2025 07:50:00 GMT+0100 (West Africa Standard Time)');

/*!40000 ALTER TABLE `variables` ENABLE KEYS */;
UNLOCK TABLES;


-- --------------------------------------------------------
-- Table structure for table `wallets`
-- --------------------------------------------------------

DROP TABLE IF EXISTS `wallets`;
CREATE TABLE "wallets" (
  "id" int NOT NULL AUTO_INCREMENT,
  "balance" float NOT NULL DEFAULT '0',
  "isSuspended" tinyint(1) DEFAULT '0',
  "createdAt" datetime NOT NULL,
  "updatedAt" datetime NOT NULL,
  "userId" int DEFAULT NULL,
  PRIMARY KEY ("id"),
  KEY "userId" ("userId"),
  CONSTRAINT "wallets_ibfk_1" FOREIGN KEY ("userId") REFERENCES "users" ("id") ON DELETE SET NULL ON UPDATE CASCADE
);

-- --------------------------------------------------------
-- Dumping data for table `wallets`
-- --------------------------------------------------------

LOCK TABLES `wallets` WRITE;
/*!40000 ALTER TABLE `wallets` DISABLE KEYS */;

INSERT INTO `wallets` (`id`, `balance`, `isSuspended`, `createdAt`, `updatedAt`, `userId`) VALUES
  (1, 0, 0, 'Tue Sep 30 2025 07:50:03 GMT+0100 (West Africa Standard Time)', 'Tue Sep 30 2025 07:50:03 GMT+0100 (West Africa Standard Time)', 1),
  (2, 0, 0, 'Tue Sep 30 2025 07:50:04 GMT+0100 (West Africa Standard Time)', 'Tue Sep 30 2025 07:50:04 GMT+0100 (West Africa Standard Time)', 2),
  (3, 0, 0, 'Tue Sep 30 2025 08:23:27 GMT+0100 (West Africa Standard Time)', 'Tue Sep 30 2025 08:23:27 GMT+0100 (West Africa Standard Time)', 3),
  (4, 0, 0, 'Tue Sep 30 2025 08:35:45 GMT+0100 (West Africa Standard Time)', 'Tue Sep 30 2025 08:35:45 GMT+0100 (West Africa Standard Time)', 4);

/*!40000 ALTER TABLE `wallets` ENABLE KEYS */;
UNLOCK TABLES;

/*!40101 SET CHARACTER_SET_CLIENT=@OLD_CHARACTER_SET_CLIENT */;
/*!40101 SET CHARACTER_SET_RESULTS=@OLD_CHARACTER_SET_RESULTS */;
/*!40101 SET COLLATION_CONNECTION=@OLD_COLLATION_CONNECTION */;
